pack_id,age_days,cycle_count,avg_ambient,max_pack_temp,avg_C_rate,avg_SOC,hours_above_40,cumulative_Wh,SoH
1,1319,1344,34.5,46.26,0.05,41.56,60.23,5857411.3,42.423
2,1015,1143,34.67,42.93,1.476,73.42,0.0,4187671.2,51.615
3,575,1913,28.89,34.17,1.534,62.22,15.73,4943031.5,54.931
4,1106,505,32.58,49.15,0.556,55.78,0.0,1721377.1,86.135
5,1382,1453,25.05,35.66,1.246,74.78,0.0,6413967.8,35.0
6,501,2063,31.34,42.06,0.841,70.2,100.5,8490268.5,35.0
7,1026,1727,28.35,42.33,0.281,82.43,0.0,7417459.1,35.0
8,208,1699,34.76,41.37,0.523,80.44,34.7,7747795.5,35.0
9,1715,880,30.85,41.62,0.544,67.85,100.05,2832861.3,67.171
10,688,117,27.71,30.93,1.092,56.55,51.0,287461.5,93.906
11,357,1174,27.46,35.14,0.05,38.95,0.0,5735803.6,46.526
12,931,834,37.8,44.37,1.243,48.19,33.56,1909170.2,74.983
13,1416,646,32.61,41.56,0.444,38.97,55.77,2686319.2,77.263
14,306,1773,28.56,32.47,0.908,68.96,158.74,5300531.8,46.978
15,375,1783,26.16,30.46,0.566,40.22,100.81,3687977.9,68.069
16,950,2359,35.03,51.02,2.548,72.46,0.0,8068884.5,35.0
17,1103,1585,26.33,33.76,1.44,67.83,37.31,5804441.9,35.0
18,264,879,31.68,46.76,0.878,82.69,10.06,2365074.3,72.133
19,1107,1144,25.07,36.43,0.258,81.77,80.8,4055676.1,55.62
20,385,535,27.27,30.37,0.05,68.11,176.33,2499721.9,71.265
21,955,981,31.32,37.67,1.464,72.72,172.86,2734421.3,70.804
22,92,412,40.34,47.62,0.57,91.31,0.0,1207560.1,81.988
23,1013,1527,29.02,38.37,1.644,66.63,101.52,3612114.7,60.665
24,1539,1764,24.73,31.39,1.35,41.12,52.45,4182905.1,53.917
25,1947,937,36.02,46.17,1.602,62.22,0.0,1943880.0,77.499
26,1686,362,30.54,39.46,2.31,98.78,0.0,1597536.0,81.243
27,1698,102,37.24,42.32,0.408,26.35,36.99,389440.8,91.883
28,254,1973,19.45,21.59,2.078,41.83,0.0,8779270.5,35.0
29,966,1803,32.05,46.96,0.208,60.58,112.19,4501361.1,47.974
30,927,390,28.57,35.51,0.939,55.0,87.72,1576436.0,83.193
31,1969,1538,30.0,35.11,0.99,63.25,217.45,5711667.5,43.989
32,43,1152,31.57,35.12,1.515,69.73,88.41,2646535.0,70.047
33,502,2939,27.17,36.23,0.831,59.74,41.72,10604511.9,35.0
34,1672,1415,28.58,37.28,0.978,58.31,0.0,4599695.4,63.417
35,1024,1130,28.03,35.78,0.168,58.98,154.0,5366419.8,40.862
36,937,1629,40.46,50.22,1.297,59.66,55.32,4666216.5,59.526
37,1206,2099,28.86,41.54,1.251,97.77,108.46,10091613.1,35.0
38,363,2412,39.07,49.62,0.381,46.75,52.62,9093789.2,35.0
39,284,1716,33.65,34.82,0.983,66.3,83.11,5965604.8,38.006
40,1694,403,20.51,34.41,1.021,80.24,4.32,1617518.8,81.916
41,1639,2299,31.62,36.17,0.711,62.25,80.67,11054471.1,35.0
42,282,2202,25.54,30.25,0.921,80.2,50.91,10921688.0,35.0
43,864,399,43.97,51.15,0.05,93.88,13.38,812726.3,97.79
44,879,921,20.39,25.22,1.064,74.44,72.1,2147555.8,66.747
45,1378,887,32.76,43.56,0.883,78.68,68.34,1851167.7,79.952
46,1713,2341,34.92,41.35,1.113,60.21,40.6,5044793.6,44.788
47,1927,753,16.0,21.29,1.25,59.87,65.82,3083054.9,64.278
48,254,418,29.41,42.83,0.855,49.93,2.45,1757214.8,80.464
49,226,2144,40.32,42.8,1.036,46.27,87.98,9974825.2,35.0
50,761,320,26.8,30.52,0.407,72.7,34.86,1189516.6,93.16
51,1096,938,21.14,33.41,0.601,85.06,80.67,3306504.6,74.046
52,284,401,30.42,39.06,1.446,49.78,76.65,1565458.8,93.626
53,1685,692,17.56,21.09,0.525,59.72,204.98,1852330.8,76.562
54,1191,2120,28.29,37.04,1.172,58.89,135.11,6983819.7,35.0
55,1924,1562,38.6,46.97,1.148,63.98,36.37,6872192.7,43.93
56,786,1507,33.67,44.34,1.451,71.6,27.1,4524601.9,49.132
57,161,2240,27.99,28.02,0.05,89.55,121.61,8517647.5,35.0
58,1018,2877,44.52,54.26,0.464,73.37,0.0,9101461.7,35.0
59,1359,666,32.07,42.74,0.387,81.16,180.31,2442826.9,72.882
60,1312,467,38.42,44.65,1.673,67.37,70.66,1591527.0,88.673
61,510,2725,32.71,34.45,1.182,55.3,141.83,9482645.6,35.0
62,1685,2538,31.49,38.77,0.648,62.13,66.27,7867356.2,35.0
63,1864,2541,33.34,42.52,2.021,63.43,25.43,9557645.8,35.0
64,1178,1521,26.92,31.36,0.758,71.02,54.09,3851962.5,56.224
65,540,123,26.08,36.28,0.913,38.93,44.56,348590.2,98.479
66,1435,2946,38.02,51.01,0.648,71.54,0.0,14404860.8,35.0
67,176,386,41.98,45.28,0.298,69.24,178.89,1912141.4,74.047
68,1941,2262,27.46,28.85,0.05,57.38,8.35,11211875.6,35.0
69,506,1264,26.53,39.63,0.423,53.54,93.29,5647235.1,35.178
70,1907,193,23.79,32.74,0.05,73.03,0.0,814130.8,84.273
71,1818,741,38.71,44.94,0.819,69.84,0.43,1547817.0,84.485
72,1232,2031,23.76,25.41,1.767,99.0,17.58,7658821.3,35.0
73,1112,2665,23.32,33.64,1.115,38.1,105.94,13314953.2,35.0
74,1082,453,33.69,34.77,0.899,57.97,197.83,1088604.6,88.489
75,721,645,31.92,36.44,0.906,86.83,24.1,3146069.9,62.523
76,1961,889,29.51,30.69,0.05,73.68,8.18,3757762.0,58.83
77,79,933,22.1,33.44,1.01,99.0,83.62,4082736.4,60.063
78,1726,1454,37.51,43.43,0.539,56.38,113.26,3352462.3,68.787
79,1565,1562,28.53,40.33,0.05,50.12,0.0,4277068.1,53.472
80,549,1572,36.68,43.7,0.182,63.97,133.93,6436662.7,35.0
81,996,1212,33.88,41.83,1.221,46.37,49.03,4271696.5,57.366
82,837,1322,27.89,31.81,0.742,85.3,0.0,4547138.2,45.057
83,1495,1025,34.6,38.04,0.128,73.06,54.66,2195675.1,84.573
84,206,77,34.67,45.89,0.05,24.55,130.14,285488.0,96.225
85,1003,63,35.59,50.78,1.11,58.31,0.0,174055.8,87.964
86,1937,1830,40.71,53.26,0.247,80.39,101.17,6958029.2,35.0
87,1282,987,33.82,43.18,0.05,66.51,5.5,4121267.8,64.304
88,1657,985,31.53,44.93,0.807,68.65,0.0,2481049.3,83.511
89,552,61,29.52,44.71,1.337,65.21,69.9,283109.6,89.51
90,389,855,25.52,28.52,1.107,72.04,0.0,1756581.8,78.044
91,1699,2627,30.23,34.85,0.15,71.2,80.34,10973790.5,35.0
92,1443,2951,28.09,36.95,0.679,54.6,70.23,9513682.5,35.0
93,1325,1215,31.46,40.56,0.116,56.34,165.02,5560992.5,45.626
94,704,1435,18.83,26.95,0.819,62.88,147.14,6017540.4,35.0
95,905,358,27.72,32.71,0.263,59.13,164.2,1514626.8,91.78
96,1976,1162,40.52,48.15,0.879,71.58,304.31,4349329.0,61.635
97,1164,2809,27.06,38.7,0.819,70.01,51.12,6990518.1,35.151
98,76,2866,24.11,26.34,0.765,66.51,0.0,7469553.5,35.0
99,142,1431,29.72,38.84,0.195,78.04,55.04,4989209.6,44.962
100,296,919,29.38,37.27,0.935,82.06,0.0,4465418.6,53.304
101,1884,948,27.41,29.42,0.05,50.01,5.38,2366145.4,77.607
102,240,2563,25.94,30.49,1.087,37.36,81.18,10969755.1,35.0
103,1218,2827,42.36,49.46,0.05,66.26,0.0,7176272.3,36.628
104,394,773,35.92,48.55,1.662,74.53,159.07,2113683.1,79.261
105,176,2669,26.57,33.91,1.929,61.95,83.1,8817546.6,35.0
106,389,2859,36.99,51.58,0.986,75.61,0.0,7889564.4,35.0
107,339,2754,35.32,45.28,1.52,70.21,21.54,7054968.2,35.0
108,1639,2237,19.66,29.47,1.087,44.08,0.0,6771871.1,35.0
109,136,2264,32.45,46.92,0.879,46.96,41.22,4543681.2,63.265
110,1759,233,35.55,43.68,0.63,63.09,67.85,1110374.9,85.386
111,1447,1410,27.53,29.86,1.066,73.34,0.0,3569706.2,59.628
112,1179,168,21.57,30.9,0.618,56.31,119.64,813557.9,96.449
113,806,1239,32.12,43.18,0.873,67.35,115.9,4883165.9,55.796
114,944,1348,30.02,39.38,1.202,58.25,110.5,2775935.5,67.379
115,349,2345,20.07,23.89,0.187,65.94,28.09,5665434.4,51.528
116,1831,2735,32.46,42.92,0.05,58.44,0.0,7563152.4,35.0
117,1444,2929,31.22,37.22,1.091,55.5,49.89,11220068.6,35.0
118,1699,2569,24.27,36.17,1.219,66.83,0.0,7020087.9,35.0
119,652,2537,32.63,35.66,0.678,66.97,245.61,8548057.7,35.0
120,1278,903,30.71,40.49,0.708,91.17,13.48,4137283.9,58.065
121,107,1041,32.73,46.51,0.754,61.46,0.0,3300165.5,64.118
122,1893,504,37.91,57.15,0.448,90.84,69.5,1216652.2,83.152
123,968,2660,27.55,29.96,0.05,76.76,27.86,9726435.7,35.0
124,1599,1975,26.06,38.97,1.748,73.9,127.89,5836083.8,46.162
125,443,201,33.12,36.73,1.22,40.6,0.0,653249.6,97.241
126,1437,2414,23.09,30.12,0.861,66.42,140.69,5939831.8,48.303
127,1034,205,30.02,35.02,0.659,61.68,28.39,916223.3,85.426
128,158,2589,24.63,31.58,0.388,89.87,36.8,10908473.6,35.0
129,426,1537,30.02,44.9,0.05,28.97,6.55,6539124.1,35.759
130,694,570,36.11,48.24,0.91,82.33,71.81,2257553.1,79.987
131,391,2631,38.84,40.64,0.05,43.63,20.94,7543736.7,35.0
132,1499,1675,44.74,59.95,0.553,58.46,0.0,5793115.2,36.751
133,539,2285,20.4,25.35,0.889,71.59,83.4,6727608.6,35.0
134,1693,244,29.94,32.43,0.61,71.58,99.04,1139673.2,86.326
135,1685,2809,34.5,50.24,1.976,42.9,0.0,7422155.7,35.0
136,236,1297,32.52,40.11,0.41,52.86,0.0,2809057.2,68.691
137,1860,1850,27.07,34.32,0.372,17.27,0.0,4340061.7,54.489
138,422,2564,29.73,42.9,1.047,79.09,0.0,8214530.1,35.0
139,200,1751,33.4,39.2,0.126,43.69,56.92,5590199.0,39.715
140,1319,997,33.71,47.92,1.566,46.98,184.69,3216330.1,67.667
141,776,2783,19.15,26.47,0.05,82.41,171.34,9421717.7,35.0
142,758,996,34.65,42.49,1.844,56.32,129.95,3154621.0,64.237
143,1523,2278,29.31,33.96,1.197,76.7,97.48,4915304.3,49.862
144,234,2775,26.26,34.35,0.44,94.16,79.1,5770882.5,42.119
145,501,1514,34.78,43.02,0.95,41.12,48.14,4722441.2,42.501
146,1353,523,27.63,28.15,0.955,80.22,0.0,2388502.5,74.747
147,1925,2640,17.49,27.95,1.252,60.48,0.0,10089114.5,35.0
148,281,1281,22.92,34.14,0.395,72.27,95.24,5922066.5,35.0
149,1027,1417,37.14,42.1,0.464,64.6,0.0,3004443.9,73.164
150,1865,682,29.26,40.23,0.05,45.65,120.12,2192617.8,79.626
151,512,288,33.95,52.79,0.672,50.64,84.22,607016.6,100.0
152,972,2878,31.96,37.03,1.35,63.04,29.77,13836337.0,35.0
153,39,2512,32.8,39.29,0.496,57.61,29.68,8377641.0,35.0
154,598,966,27.72,37.23,0.124,88.92,149.65,3983331.6,48.912
155,1249,2534,20.37,28.27,1.019,75.01,64.18,11901601.8,35.0
156,1535,1474,28.1,35.44,0.05,66.7,149.9,3290422.4,73.268
157,411,2795,38.86,44.69,1.077,31.32,198.99,7423834.9,35.0
158,1746,2932,37.1,43.8,0.678,56.15,3.55,10865139.2,35.0
159,1330,1896,33.08,39.4,2.138,36.78,150.87,5770859.6,42.234
160,832,1341,35.83,43.94,0.67,61.23,81.24,3972313.4,70.949
161,349,1332,35.53,46.15,1.247,60.12,0.0,3092820.2,61.496
162,92,1549,27.36,31.18,0.052,85.18,0.0,3408539.3,65.002
163,1447,1930,31.74,49.04,1.71,59.48,2.54,4209315.4,64.834
164,1502,2356,38.8,46.35,2.18,66.63,192.83,9394759.2,35.0
165,1418,1144,32.76,44.71,0.824,41.84,0.0,3027579.3,63.053
166,792,635,29.92,30.96,0.686,62.07,217.68,3091268.9,68.181
167,808,909,33.38,41.84,0.998,79.0,0.0,2793400.5,78.09
168,796,856,26.3,34.21,0.426,45.71,21.71,2947524.1,72.538
169,244,2454,22.91,28.65,0.425,88.85,76.42,8349621.2,35.0
170,1822,2267,41.99,50.51,0.841,74.87,121.65,7045424.6,35.0
171,146,2793,37.87,44.61,0.05,42.18,0.0,13041462.2,35.0
172,736,1409,37.19,44.51,0.05,76.11,94.43,5219643.4,46.374
173,1979,370,24.24,35.24,0.05,48.26,171.31,1727787.9,77.998
174,1505,840,38.18,45.24,0.05,50.54,94.1,2107895.9,76.83
175,1269,2850,27.81,30.3,0.423,51.89,111.72,12642499.1,35.0
176,1545,463,25.1,28.51,0.236,53.57,0.0,1293526.1,86.014
177,1408,796,28.68,38.05,0.792,38.84,0.0,1602282.2,77.211
178,1769,164,37.14,44.53,1.13,52.34,40.45,695561.3,77.509
179,370,626,27.27,29.72,0.05,61.87,0.0,3098049.9,74.368
180,508,2773,39.47,43.2,0.767,85.39,151.16,7214479.2,35.0
181,498,903,31.17,38.3,0.57,70.19,29.81,2496059.1,81.729
182,1041,1236,47.49,48.38,0.994,51.32,96.19,4842340.3,47.56
183,803,2756,36.79,38.17,1.754,71.75,136.23,8040356.3,35.0
184,1216,428,31.7,44.04,0.05,82.53,50.66,1533255.6,82.841
185,347,2260,27.23,37.83,0.05,65.96,40.47,8470328.7,35.0
186,1923,2743,37.64,47.78,0.569,60.74,0.0,12029966.3,35.0
187,1633,2757,44.32,47.92,0.738,97.37,145.31,6289884.5,39.149
188,221,887,25.81,33.45,0.05,67.43,86.0,3823483.9,59.284
189,609,1992,25.64,32.52,0.05,46.54,6.98,6945735.9,35.0
190,1641,2602,31.49,38.92,1.324,55.37,0.0,11968748.5,35.0
191,1108,1617,27.21,44.7,0.05,68.67,0.0,6678291.9,35.0
192,1858,1618,41.42,47.6,0.956,83.45,36.88,7176246.0,35.0
193,283,466,23.92,32.43,0.45,55.49,98.5,1228057.5,92.525
194,779,260,41.54,54.05,0.859,48.07,7.66,1124045.4,81.407
195,635,1933,28.71,30.95,0.49,81.46,0.0,4850172.1,49.738
196,861,502,38.86,48.89,0.05,77.08,0.0,1121083.5,89.713
197,1512,689,25.35,30.88,0.406,54.82,137.94,2523708.3,74.658
198,335,1889,30.42,33.72,0.333,53.66,0.0,6310235.7,47.979
199,1992,705,24.49,43.73,0.529,66.3,0.0,2465795.8,70.678
200,1861,1500,31.26,34.78,1.677,79.57,57.64,5167162.2,47.074
201,1128,1431,36.66,38.29,0.981,83.28,0.0,2864439.0,74.733
202,1091,2213,28.05,34.74,0.711,54.86,14.56,8586257.8,35.0
203,636,1266,30.55,30.87,1.086,64.99,53.18,5759275.3,37.292
204,1459,896,29.96,38.64,0.523,76.96,124.61,3207966.4,57.098
205,821,2802,37.33,47.91,0.272,77.13,118.84,13889131.0,35.0
206,1176,2405,30.34,33.88,1.049,75.42,57.04,9403576.1,35.0
207,1621,1033,26.48,34.52,1.327,38.05,0.0,2772162.3,78.945
208,378,112,33.97,39.4,0.939,59.61,103.77,242458.2,90.035
209,73,2553,32.36,34.77,1.193,45.48,163.0,11254279.5,35.0
210,1109,576,34.07,40.59,0.941,80.69,5.06,2404483.5,74.48
211,1746,1507,34.38,49.61,1.655,35.73,107.99,4606352.7,46.303
212,671,1345,31.6,35.35,0.92,36.9,93.43,3104788.7,67.54
213,1398,774,28.4,34.08,0.05,73.15,14.0,3462292.9,58.664
214,1228,2792,29.22,39.7,0.103,65.58,61.79,13710408.4,35.0
215,407,1673,33.31,36.98,1.514,10.14,0.72,6216074.9,35.0
216,1426,271,36.16,36.48,1.477,64.01,0.0,1330169.8,76.986
217,1940,565,19.69,26.07,0.282,88.28,0.0,2586956.1,78.179
218,1577,763,25.19,28.09,0.857,42.9,0.0,1870719.5,72.34
219,1719,1052,24.77,40.78,0.834,69.42,0.0,4773027.3,48.392
220,99,1366,22.78,29.64,0.448,67.96,0.0,3312436.5,61.387
221,291,189,31.43,39.08,0.542,79.34,31.13,536553.8,90.935
222,633,1152,34.62,35.05,0.93,93.35,89.09,3665912.7,70.092
223,1698,1614,25.28,32.12,0.919,51.19,0.0,3713591.6,63.108
224,669,115,35.79,44.14,1.035,70.47,42.68,550561.1,99.811
225,751,1362,32.6,41.61,0.05,85.21,42.46,4572947.4,53.51
226,36,1465,40.66,51.3,0.794,93.62,62.74,5145360.9,49.885
227,46,2793,30.09,34.93,0.878,63.74,0.0,9341906.5,35.0
228,1729,1200,27.13,40.36,0.504,76.87,18.25,3810615.8,49.756
229,940,584,24.04,33.22,1.354,76.88,203.32,1985324.2,75.172
230,139,1737,32.99,41.4,0.126,78.8,0.0,4119841.2,58.099
231,614,2430,27.04,27.8,0.438,45.33,0.0,7349813.9,35.0
232,1656,1623,28.96,40.82,0.781,74.55,34.32,3438618.7,64.925
233,691,858,30.34,33.19,0.779,65.97,0.0,2560076.1,64.843
234,475,646,30.95,43.04,1.266,63.28,12.56,1901659.1,82.982
235,1474,2540,30.79,42.07,0.857,79.12,119.67,12160825.9,35.0
236,907,2321,19.71,24.86,1.263,59.97,9.04,8836582.6,35.0
237,1511,863,32.34,42.33,1.347,68.57,89.15,2826590.7,66.671
238,1726,2686,34.64,44.86,0.827,50.44,55.41,9422590.0,35.0
239,1228,1719,32.53,44.81,0.859,99.0,19.76,8427877.2,35.0
240,1855,1603,35.08,44.35,1.555,63.29,23.43,3759929.7,60.131
241,542,223,24.34,36.09,0.581,67.29,44.92,889496.5,86.133
242,544,2689,33.61,42.94,0.314,77.19,0.0,6638802.1,35.0
243,536,1473,33.63,46.62,2.488,34.23,0.0,4336736.4,60.407
244,1482,1277,22.7,32.04,0.831,73.66,90.62,2702456.4,66.743
245,1189,1983,18.83,22.82,0.05,65.31,40.26,5870637.6,54.922
246,950,925,24.41,28.42,0.822,68.11,0.0,2576762.4,76.659
247,511,1068,26.76,34.06,0.854,75.89,136.47,3808424.3,59.702
248,722,223,27.39,38.56,1.388,88.25,192.27,821984.1,93.005
249,88,1547,26.1,28.16,0.856,51.17,56.88,7003833.7,35.0
250,225,1690,33.48,50.22,0.966,73.73,0.0,5098849.8,52.204
251,1392,326,29.77,37.4,0.258,59.51,148.35,1344604.4,79.255
252,1224,932,26.28,27.95,0.353,64.02,143.25,4517051.0,59.159
253,503,1483,36.2,39.47,0.999,69.44,136.77,6961736.2,35.0
254,802,1184,28.83,38.74,1.274,75.95,32.86,4130817.6,53.371
255,1907,247,33.79,45.42,0.876,9.85,0.0,640805.2,94.362
256,1669,1762,30.08,42.5,0.966,73.25,79.04,8113497.8,35.0
257,1317,253,32.68,45.25,1.522,57.32,143.2,556396.3,100.0
258,178,312,28.16,34.2,0.266,15.27,15.22,1022964.6,85.23
259,85,1526,37.75,46.79,1.296,70.03,159.5,7109640.8,37.538
260,1533,826,32.43,49.37,0.638,72.55,150.62,2408981.0,76.808
261,110,492,16.68,30.56,0.902,82.99,0.0,1334602.7,74.834
262,253,189,30.51,49.58,1.301,83.89,117.51,713739.3,91.43
263,1135,82,34.87,38.99,0.694,52.55,170.16,300592.9,86.418
264,1392,2271,31.19,34.44,0.05,67.7,75.92,6788827.8,37.128
265,1819,2925,27.89,37.81,2.319,91.64,139.55,10480009.1,35.0
266,1533,415,28.57,36.11,1.756,58.62,0.0,915433.0,92.679
267,546,2284,28.36,39.52,0.05,55.69,104.72,11125169.3,35.0
268,842,1339,29.73,29.89,1.224,35.12,74.7,4611685.0,54.667
269,979,1242,26.13,36.49,0.532,82.64,72.49,5428446.0,42.018
270,236,855,27.87,29.36,0.479,48.78,176.05,2278757.9,66.481
271,778,1800,25.53,31.0,1.17,23.11,0.0,6406669.8,43.246
272,1572,471,36.8,53.23,0.454,64.7,195.76,1091424.9,86.873
273,1715,1180,28.54,32.71,0.21,69.98,129.64,5628491.5,38.247
274,1983,1679,34.44,45.72,2.362,58.23,13.35,8145649.7,35.0
275,1694,207,33.25,37.94,0.554,66.61,129.68,674674.3,86.932
276,1413,736,22.12,29.5,0.087,52.35,0.0,1832360.4,73.908
277,1549,1897,27.23,33.5,0.997,75.52,0.0,7386648.2,35.0
278,1042,2086,28.32,43.59,0.271,68.91,47.13,4249581.8,58.172
279,30,1339,38.27,46.26,1.289,52.37,111.28,3858839.2,62.141
280,244,1949,16.84,22.65,1.539,74.96,69.91,6609369.2,45.272
281,1241,2051,39.13,48.57,1.343,59.47,1.88,4717003.8,58.488
282,773,96,26.48,34.52,1.662,74.99,0.0,392656.8,100.0
283,595,2516,41.36,52.09,0.758,58.31,136.59,6284914.5,36.212
284,1713,2314,30.87,38.17,1.427,49.42,0.0,7452393.2,35.0
285,889,1263,28.08,39.23,0.773,56.23,25.05,4853199.3,50.923
286,131,1086,29.35,35.62,0.05,72.0,19.6,3782298.4,65.868
287,1129,2478,32.15,40.34,1.597,95.28,140.69,9202398.9,35.0
288,710,1060,32.82,49.91,1.184,91.52,64.63,4123883.3,60.664
289,505,1419,37.6,51.09,0.205,82.42,43.04,5285217.5,43.373
290,1662,2650,38.46,47.7,1.175,50.0,222.69,8640294.7,35.0
291,162,1385,37.43,46.57,0.05,83.69,6.5,6263092.6,35.0
292,1144,775,24.62,28.64,0.682,79.89,0.0,2636410.6,75.63
293,591,1226,18.86,24.14,0.795,81.75,0.0,5194493.3,43.736
294,1178,2568,31.27,37.06,0.707,89.36,167.3,10308492.8,35.0
295,356,2848,29.67,37.69,1.484,86.73,23.66,9056371.3,35.0
296,1356,1621,29.47,33.59,0.226,91.05,37.49,4360237.2,52.438
297,1608,2917,23.66,24.06,1.572,50.12,48.34,14505125.1,35.0
298,1048,1561,32.7,36.67,0.38,58.75,0.0,6796791.8,35.0
299,1049,2684,29.88,35.26,1.215,90.85,12.85,9072221.8,35.0
300,536,2134,33.05,33.96,1.072,87.19,32.27,6576337.8,35.0
301,1555,600,19.46,26.5,1.572,30.62,0.0,1345413.7,78.086
302,1815,2615,35.73,45.71,0.887,72.08,0.0,6018595.1,35.828
303,1194,2837,31.27,38.56,1.04,13.49,74.18,12478651.8,35.0
304,462,2274,23.16,30.59,0.841,67.07,62.95,5345814.0,48.221
305,464,1086,19.59,28.31,0.449,58.33,0.0,3427679.6,69.308
306,934,2232,22.19,37.1,0.523,64.54,17.78,9013833.0,35.0
307,48,1502,24.88,35.47,0.301,33.03,131.56,6298020.6,50.884
308,73,182,34.5,44.06,0.564,35.86,59.11,689812.6,88.566
309,1513,899,34.5,45.99,0.383,35.89,7.32,3052678.0,71.631
310,1058,2222,40.52,51.82,1.262,82.42,96.14,8731354.8,35.0
311,1059,1146,33.34,39.48,1.079,46.8,170.36,3012011.0,67.109
312,1187,239,30.57,38.61,0.766,54.62,14.04,708040.1,97.711
313,943,1999,36.6,47.3,1.136,60.36,95.87,4623188.5,48.224
314,1690,1260,24.11,28.69,0.865,96.07,0.0,2596587.1,76.361
315,265,859,27.48,33.34,0.804,55.37,0.0,3134508.3,66.368
316,682,704,31.79,42.5,0.181,65.17,40.7,3480456.0,72.05
317,1101,2960,24.51,36.43,1.382,47.08,89.46,9329492.1,35.0
318,872,2991,30.45,37.78,1.458,75.45,108.55,11076971.6,35.0
319,1047,1623,34.72,46.62,0.707,90.76,159.48,3413839.3,60.59
320,1122,72,30.76,37.4,0.266,38.56,100.63,271039.6,100.0
321,1043,1803,33.06,47.18,0.839,75.3,0.0,5345448.4,39.142
322,1323,83,16.54,19.25,0.478,50.04,81.71,270151.1,89.42
323,71,2875,29.99,39.2,1.107,67.55,18.22,10216702.7,35.0
324,1063,84,26.02,31.37,0.074,82.62,56.29,304821.3,100.0
325,343,1742,36.13,41.98,0.555,65.74,141.41,6126917.3,35.0
326,1369,2144,41.33,49.32,0.05,71.43,205.57,8187404.0,35.0
327,1009,229,25.67,34.57,0.05,53.4,0.0,670656.4,89.275
328,127,1445,28.13,33.15,1.322,86.21,134.51,5465406.1,41.778
329,167,299,27.59,32.59,1.786,87.77,51.96,860763.5,81.359
330,914,2109,32.53,43.44,1.502,43.95,110.39,5702771.4,42.306
331,1197,1449,23.89,34.02,0.868,68.32,206.08,5516706.5,35.0
332,774,240,30.17,31.77,1.646,52.73,212.51,483589.2,96.674
333,1798,1170,26.5,34.97,0.991,50.88,40.0,5564512.8,46.943
334,991,337,28.83,37.86,0.05,56.95,66.84,891942.0,90.693
335,1610,1353,39.76,47.53,2.234,56.26,0.0,3444506.5,74.563
336,653,97,37.49,48.24,1.98,37.14,28.77,292209.5,96.885
337,1553,838,34.44,51.88,0.588,57.42,59.49,2471116.3,79.156
338,1498,1663,32.27,32.45,0.065,92.02,82.15,3742891.0,58.622
339,1878,2861,21.85,26.49,0.964,63.2,95.75,8567044.1,35.0
340,76,2816,30.83,38.45,0.299,63.7,150.78,10974905.8,35.0
341,1628,848,27.76,37.7,1.114,81.0,163.88,2180427.2,73.437
342,528,430,27.29,30.74,0.535,56.46,0.0,915415.3,88.008
343,1155,2537,31.02,37.86,0.802,69.62,84.82,12654675.9,35.0
344,829,1936,20.57,31.66,1.561,49.57,49.29,7348253.5,35.0
345,809,599,23.35,32.27,0.487,56.53,109.15,2963068.6,74.263
346,137,2159,37.43,42.77,1.362,50.89,196.1,8230977.2,35.0
347,372,2146,33.55,37.48,0.487,79.06,134.21,4320093.0,52.851
348,1526,809,22.24,26.99,0.941,86.88,179.28,3715108.7,66.877
349,602,625,29.08,33.78,0.051,71.0,64.84,2290644.2,81.426
350,1150,2798,29.74,39.4,0.364,71.65,103.47,9093814.2,35.0
351,446,372,23.25,36.31,1.439,74.67,207.78,907422.8,91.862
352,1641,877,27.61,37.1,1.301,62.95,192.14,2119722.4,77.012
353,947,624,29.2,34.76,0.334,99.0,28.92,1435072.3,79.871
354,913,2864,33.33,44.04,0.413,71.13,0.0,13625421.9,35.0
355,1767,1690,34.13,46.04,0.824,78.98,0.0,6183775.9,35.0
356,1359,160,24.08,26.09,0.373,75.17,105.21,358072.1,97.978
357,58,1457,21.83,24.14,0.307,66.55,0.0,3526725.7,62.697
358,371,1942,36.15,42.48,0.456,85.94,25.5,5770616.1,36.213
359,964,149,31.92,44.01,0.471,65.74,45.08,486211.5,91.583
360,942,1090,22.1,34.93,2.14,83.03,164.16,4653082.1,55.086
361,290,128,26.45,30.79,0.762,76.08,0.0,265792.6,90.168
362,258,2803,27.09,37.27,1.458,78.34,122.73,11807304.9,35.0
363,1589,968,31.55,41.49,1.002,49.81,0.0,4395322.7,51.52
364,1778,1544,21.57,33.43,0.578,71.16,0.0,4786496.8,56.299
365,1138,2655,23.45,32.77,1.767,56.17,81.61,6134459.3,35.962
366,1662,2396,36.49,43.18,0.694,58.21,0.0,5070338.1,48.838
367,620,1101,27.6,42.58,1.261,54.97,154.36,3345546.3,56.66
368,277,978,27.56,31.45,0.67,69.99,10.42,4575199.6,46.411
369,53,531,29.63,35.87,0.891,74.9,214.94,2582149.4,77.867
370,980,2771,32.91,43.72,0.195,57.01,9.51,9193668.6,35.0
371,812,2110,35.18,42.53,0.398,85.43,111.91,4917376.4,50.267
372,1707,253,35.46,44.6,1.151,66.15,0.0,897567.3,91.22
373,1454,347,27.62,35.84,0.631,60.56,89.04,935595.8,87.623
374,1439,219,40.13,51.25,0.05,60.82,70.53,539303.4,92.862
375,1748,2641,32.52,43.82,0.317,58.79,0.0,7246125.1,35.0
376,1980,1019,30.99,38.77,0.05,68.88,0.0,2161600.4,73.602
377,322,1043,31.82,40.32,0.647,37.35,0.0,3835868.9,61.637
378,343,2973,28.32,32.46,0.633,69.07,75.99,9969768.9,35.0
379,791,900,29.86,35.86,0.05,55.8,0.0,4410262.7,54.242
380,1593,1679,33.61,37.99,0.644,31.55,10.45,8053039.4,35.0
381,699,2130,20.91,23.92,1.226,95.08,89.47,7444613.4,35.0
382,1915,2575,17.87,26.38,0.585,45.09,55.24,8178528.0,35.0
383,1940,1733,30.05,37.59,1.439,47.39,275.16,7676859.7,35.0
384,1052,2879,34.76,36.33,1.642,58.86,58.57,11021641.5,35.0
385,1625,2307,28.3,44.0,1.989,65.84,55.12,7606123.4,35.0
386,775,2520,35.87,41.72,0.777,36.54,106.34,10370752.2,35.0
387,1433,1796,31.42,35.65,0.663,78.9,58.15,4805635.2,56.77
388,860,1466,42.38,55.83,0.05,90.58,124.91,4445075.5,46.783
389,107,2407,22.15,32.59,0.05,60.99,141.04,8452899.9,35.0
390,607,2921,37.86,49.36,1.449,78.19,71.24,12518951.9,35.0
391,1781,1364,28.31,37.27,1.664,64.25,130.28,3029629.8,62.007
392,1264,1235,37.93,48.48,0.086,67.91,181.85,5357519.7,48.507
393,149,1017,33.06,35.49,0.425,84.36,78.54,3371303.1,69.288
394,38,1528,33.94,39.03,0.824,59.38,0.0,3968017.6,62.14
395,817,1016,20.76,28.31,1.737,61.64,154.56,2518882.8,76.871
396,1028,1884,27.99,39.44,0.311,68.19,78.16,8770940.6,35.0
397,311,609,39.63,51.83,0.343,75.23,0.0,1330930.5,86.872
398,548,2423,28.48,35.64,1.046,75.46,0.0,5222571.4,38.976
399,496,1198,38.29,52.99,1.23,43.57,89.25,3126119.6,62.265
400,1018,517,29.57,35.13,0.05,71.11,64.88,2087828.2,80.74
401,699,673,30.47,38.22,0.985,99.0,0.0,1944138.3,82.161
402,1574,2641,38.08,53.29,1.069,58.22,249.42,6636860.6,35.0
403,208,594,35.81,53.48,0.05,91.25,55.61,1257339.1,75.695
404,1582,1650,29.77,40.35,0.341,54.57,12.92,5428631.5,53.026
405,860,1743,37.15,42.34,1.009,60.22,76.26,5781714.6,35.0
406,392,2287,42.13,50.32,0.244,87.08,100.46,10075162.3,35.0
407,356,1932,28.97,31.81,0.642,89.05,68.99,9439091.8,35.0
408,228,2282,26.12,33.02,0.05,90.62,18.56,11238594.7,35.0
409,1919,2397,35.12,46.0,1.174,71.26,31.37,5442175.0,50.473
410,1726,2635,32.41,38.7,0.989,61.96,0.0,11209122.5,35.0
411,977,821,32.93,43.03,1.14,30.21,0.0,1859705.1,70.595
412,868,2380,30.48,35.95,1.137,67.46,14.14,11623400.1,35.0
413,954,2387,45.76,59.16,1.231,63.46,0.0,5382504.2,41.409
414,854,717,29.01,32.76,0.064,64.09,0.0,2935709.1,65.42
415,48,118,28.93,39.32,0.715,59.99,87.64,383009.6,98.198
416,568,659,24.84,35.91,1.067,73.2,72.47,2562690.4,75.363
417,1875,1724,29.4,42.94,0.937,76.38,72.57,5660653.0,46.243
418,1606,2530,27.75,36.04,0.532,56.22,173.56,9196420.5,35.0
419,1612,2810,19.75,30.28,2.48,58.4,0.0,8067307.0,35.0
420,1971,167,26.21,33.5,1.255,60.91,10.26,638672.6,99.121
421,1286,2131,19.28,25.5,1.256,70.45,97.23,6761411.2,35.0
422,777,2422,35.57,46.57,0.536,40.81,83.63,9755162.0,35.0
423,1122,1006,32.76,40.47,0.05,71.75,0.0,2626734.5,70.944
424,1175,2997,28.02,36.19,1.869,56.13,11.85,12444841.0,35.0
425,1761,1417,28.97,30.33,0.167,80.11,46.01,3439589.3,67.771
426,1432,1593,35.9,38.4,0.301,67.86,42.09,4105068.8,57.8
427,1523,2129,28.53,41.12,0.361,63.87,64.67,9494606.3,35.0
428,1632,2603,29.62,36.77,0.603,60.4,118.34,10363541.1,35.0
429,1733,2607,42.86,50.15,0.335,90.76,72.54,11694854.8,35.0
430,1314,1617,21.7,29.35,0.978,98.31,56.88,4896380.4,48.922
431,1602,324,25.13,35.5,0.355,40.63,22.13,1505031.3,95.645
432,1737,2633,27.55,37.13,0.071,77.85,0.0,5810548.8,35.0
433,291,2843,39.99,49.25,1.138,65.32,0.0,8021652.7,35.0
434,863,1519,27.58,31.08,0.992,41.57,73.71,5416239.8,40.992
435,1262,646,25.47,33.69,0.211,57.56,29.03,2146694.1,78.169
436,47,1147,23.66,34.17,0.05,40.37,193.27,5664878.2,36.915
437,1685,1004,20.87,27.94,0.05,99.0,0.0,2551225.4,75.936
438,1891,2563,44.53,50.63,0.05,24.74,30.47,6368378.0,35.0
439,1991,558,31.94,38.67,0.139,76.98,51.0,1873939.9,83.101
440,1792,704,25.47,29.24,1.253,71.32,137.93,2784944.5,64.574
441,1305,2720,30.41,44.33,0.869,59.52,0.0,7996735.4,35.0
442,112,2473,18.18,25.96,0.776,51.91,240.71,6873443.2,35.0
443,193,2166,25.44,37.37,0.423,50.08,154.76,9853072.5,35.0
444,263,1215,25.18,29.2,0.173,53.88,0.0,2862942.6,69.393
445,1482,2100,25.99,35.17,0.988,60.43,109.55,5301359.3,48.066
446,891,1965,21.79,26.57,0.427,44.77,85.19,8229054.0,35.0
447,1764,2773,28.17,33.41,1.161,52.78,130.93,11908478.9,35.0
448,328,696,35.37,44.46,2.143,90.74,25.4,2008043.8,73.01
449,957,952,32.17,41.2,1.212,96.01,63.68,3385066.2,63.335
450,1784,2323,30.03,38.81,1.017,40.58,0.0,6862034.0,35.0
451,1110,2404,28.99,37.77,0.065,56.69,96.98,8264519.6,35.0
452,1286,2206,29.89,35.12,0.696,66.66,37.91,7741157.1,35.0
453,369,2397,29.01,34.74,0.694,66.1,121.15,6629207.2,35.0
454,1578,1333,32.25,43.72,1.228,75.6,42.13,6295875.9,35.046
455,484,661,31.09,40.75,0.306,63.65,42.48,1815528.5,78.042
456,815,1632,38.5,41.63,0.305,17.98,11.53,7127204.9,35.0
457,1126,2958,30.47,36.98,1.416,64.64,0.0,10213816.5,35.0
458,1314,357,30.37,35.31,0.089,74.94,0.0,1305576.0,91.786
459,1984,1581,33.39,42.07,0.333,98.31,21.87,6985956.0,35.0
460,86,2251,30.18,40.41,1.135,53.43,93.77,9224175.8,35.0
461,543,384,25.76,30.83,0.413,78.19,0.0,1556575.1,91.124
462,1501,1036,28.17,35.32,0.214,83.31,0.0,3802097.4,61.251
463,1389,146,38.3,47.1,0.195,70.5,38.31,672251.8,87.225
464,1281,2359,38.52,39.16,0.857,99.0,40.7,10765223.9,35.0
465,1217,2410,24.97,30.23,0.464,71.5,157.06,5330804.7,54.506
466,1019,2870,33.2,35.82,0.665,70.47,0.0,11645317.5,35.0
467,1010,2455,33.64,41.94,0.352,45.72,9.13,5219819.3,50.656
468,1796,902,37.23,45.54,0.05,99.0,47.68,4230218.3,47.232
469,1994,688,42.73,54.74,1.293,75.37,0.0,2593538.6,70.167
470,437,1362,17.75,27.03,0.315,29.19,93.25,6799011.7,35.864
471,429,420,35.33,47.81,0.594,65.62,74.05,1845529.8,79.483
472,905,1878,37.26,47.17,1.831,58.04,179.84,6859385.6,35.0
473,1640,644,32.51,42.1,1.97,52.97,122.39,1484616.7,78.471
474,1754,1448,37.38,47.77,0.923,69.07,43.7,6421576.3,35.0
475,1088,2204,25.49,34.38,0.784,68.88,90.07,5617355.9,41.427
476,1184,203,32.89,33.55,0.326,82.66,0.0,857689.4,92.209
477,1863,1995,36.71,42.85,1.321,52.92,11.79,6575316.9,35.0
478,830,1560,22.37,26.04,1.037,98.19,81.5,7314614.3,35.0
479,1559,994,24.25,37.88,0.05,79.36,12.9,2447954.5,76.68
480,1089,642,29.22,38.87,0.535,36.67,0.0,1631338.9,80.073
481,1700,2345,26.04,40.75,0.687,57.02,137.69,8879654.7,35.0
482,761,2631,31.56,47.92,1.002,22.2,76.1,7290659.0,35.0
483,601,56,29.68,40.14,0.475,47.94,291.9,211490.8,98.373
484,1150,457,24.4,30.63,1.427,73.5,95.47,1424017.2,80.284
485,1614,2494,36.13,46.44,0.287,67.73,12.33,11556550.9,35.0
486,1812,1401,29.51,35.57,0.464,71.45,0.0,6894310.1,35.0
487,679,1607,23.11,31.47,0.05,46.51,0.0,5243215.3,49.538
488,445,2909,32.11,41.47,0.578,54.27,0.0,7872991.8,35.0
489,67,1961,34.42,36.2,0.446,44.55,191.72,8796047.5,35.0
490,1771,1925,27.17,29.87,1.967,70.63,87.99,4497373.1,47.187
491,1995,1598,33.67,35.15,1.758,68.28,152.48,5491934.8,39.881
492,208,2323,30.4,36.54,0.192,42.2,46.12,7415996.9,35.0
493,788,2281,37.62,43.49,0.947,64.0,0.0,5343901.8,53.686
494,1733,930,29.01,33.54,1.542,70.61,79.36,4233067.8,62.008
495,123,2186,25.83,29.81,1.237,68.07,0.0,8660755.9,35.0
496,255,315,33.17,42.68,1.945,80.26,16.17,1565227.3,80.864
497,1063,860,17.05,24.9,0.188,66.82,0.0,3482853.7,60.261
498,709,788,25.39,32.4,0.05,72.31,97.19,3916704.2,66.794
499,1755,2449,31.27,40.8,0.768,84.55,0.64,9128970.2,35.0
500,1657,530,44.56,49.29,0.979,51.5,192.85,1837874.2,77.746
501,1335,2382,26.9,37.93,1.034,68.88,46.65,11286417.9,35.0
502,1708,744,40.16,43.96,1.057,59.24,190.76,2458050.3,72.282
503,54,1222,21.76,27.85,0.05,69.33,9.98,3623825.7,60.554
504,1444,363,25.79,40.2,1.25,46.86,0.0,1077886.6,81.591
505,968,1670,25.51,33.87,1.373,79.56,37.23,7846999.3,35.0
506,969,625,29.17,37.47,1.424,43.63,31.11,2465960.6,68.162
507,160,2084,31.74,46.92,0.05,64.86,79.31,4411570.4,63.153
508,1392,2759,36.35,45.44,0.05,47.6,95.18,6562900.4,35.0
509,832,2652,25.09,37.07,0.393,52.61,78.67,8922144.5,35.0
510,235,1255,34.75,37.72,1.186,51.79,75.48,3568891.1,65.911
511,105,378,31.07,41.64,1.068,63.15,181.37,1886495.3,78.638
512,582,1386,36.27,45.72,0.261,21.11,11.83,6325122.7,37.626
513,856,1230,37.73,44.55,1.081,74.11,170.13,3723142.4,64.278
514,1632,305,31.44,38.27,1.254,80.64,21.23,1128740.2,93.92
515,859,1791,30.26,38.05,1.134,62.92,65.17,6872669.8,41.918
516,1428,2422,30.59,46.55,0.546,53.01,5.93,7338139.6,35.0
517,778,2250,33.55,37.12,0.775,66.21,117.69,6023056.4,35.0
518,1116,261,25.81,29.68,0.05,36.83,0.0,675994.8,90.877
519,413,1473,23.74,29.85,0.437,92.35,0.92,7065009.3,35.0
520,977,2769,29.65,34.59,0.902,60.75,0.0,7318567.5,35.0
521,541,1222,29.5,34.03,0.842,53.82,0.0,2744318.3,69.474
522,1116,960,45.12,56.67,1.583,79.31,198.23,2838427.7,67.324
523,924,1498,30.91,40.01,1.593,71.88,113.91,3838766.3,56.459
524,1129,2286,26.26,31.78,0.411,52.24,0.0,9576159.1,35.0
525,931,1336,31.76,40.82,0.354,62.82,78.88,4387537.0,52.588
526,1451,1526,34.76,40.8,0.05,69.83,108.03,6275059.7,42.472
527,1681,577,33.31,43.02,0.463,84.97,0.0,2335043.5,77.16
528,1362,2488,31.72,40.34,0.05,48.68,45.93,8148063.4,35.0
529,567,1214,23.65,32.95,0.604,62.19,26.66,3162547.7,70.542
530,659,419,25.31,36.91,1.288,64.14,28.35,1188338.7,85.382
531,590,850,31.51,42.53,0.062,46.09,0.0,2828445.3,71.628
532,1073,771,40.71,46.27,0.901,80.38,0.0,3115837.0,71.227
533,1208,491,39.64,52.46,1.021,47.19,134.78,1142637.0,100.0
534,1292,2999,41.03,47.67,1.192,60.73,107.2,10324730.3,35.0
535,1256,2671,27.91,40.82,0.29,70.64,55.44,11032567.7,35.0
536,1039,408,33.48,34.57,0.05,78.19,42.3,1967996.5,78.719
537,765,2259,32.71,38.92,0.544,65.45,93.41,10480245.0,35.0
538,1703,687,41.86,47.44,0.459,63.82,55.37,2997166.4,66.928
539,1302,503,15.86,31.38,0.712,75.45,0.0,1086506.6,87.623
540,1869,1617,34.55,39.95,0.528,60.58,152.71,4339111.9,60.865
541,1759,2942,25.13,26.67,0.36,28.74,0.0,12191414.1,35.0
542,156,1484,20.78,24.23,0.774,80.63,122.19,3106705.7,68.863
543,1624,258,28.79,44.94,0.05,60.78,146.94,677208.7,91.856
544,240,2736,20.42,30.81,1.2,74.15,0.0,10668531.9,35.0
545,525,354,30.57,33.82,0.908,40.67,0.0,945403.8,87.868
546,1993,1091,33.14,36.74,0.475,69.9,0.0,2325548.2,81.852
547,1383,1969,39.56,46.87,1.508,75.07,0.0,8227832.9,35.0
548,1718,1544,33.69,46.71,0.985,56.98,0.0,7160053.5,35.0
549,672,1847,37.44,48.58,0.223,55.77,42.41,8412947.4,35.0
550,638,1864,37.18,45.59,0.05,64.08,72.5,5074234.6,49.93
551,1124,1223,22.11,24.45,1.474,86.53,75.83,6042517.5,44.615
552,993,1697,40.39,50.53,0.568,52.97,70.54,6462043.6,39.029
553,1457,525,26.87,33.81,0.346,62.1,201.15,1613043.9,79.233
554,772,918,36.78,41.46,0.754,32.2,139.85,3179886.4,66.936
555,1831,2166,24.58,29.92,1.176,69.58,10.95,7019593.2,35.0
556,1505,2815,28.0,37.36,0.693,39.56,129.13,14031281.7,35.0
557,1804,1948,33.37,45.88,0.373,75.56,65.67,7486572.6,35.0
558,1721,535,32.34,41.44,0.503,79.89,0.0,2279156.6,68.96
559,78,2782,36.46,43.09,1.268,65.9,0.0,8124835.2,35.0
560,1600,1680,31.41,33.05,0.05,72.64,0.0,4870220.4,48.794
561,682,1459,40.05,49.45,0.548,48.19,9.16,5638220.4,38.39
562,1497,2791,27.6,31.42,0.544,17.76,40.34,7899673.9,35.0
563,1965,1448,34.92,47.93,0.768,83.25,0.0,4873520.6,40.253
564,987,2821,30.03,34.74,1.026,32.45,0.0,11957783.0,35.0
565,1681,1895,36.12,45.79,0.889,84.71,0.0,3814347.8,56.109
566,908,1990,30.44,38.57,0.171,79.43,0.0,4115244.3,56.932
567,648,1738,35.35,40.64,1.532,56.39,46.09,8555587.4,35.0
568,1504,2272,32.49,40.77,1.309,52.66,0.0,5703567.9,48.562
569,687,2793,37.83,41.93,0.36,39.15,212.43,13219150.3,35.0
570,508,1156,33.06,40.04,1.445,99.0,0.0,2654516.5,64.714
571,1604,1354,29.19,37.33,0.31,81.02,19.61,6426510.6,44.437
572,1528,2151,30.06,41.24,1.788,75.54,114.27,5197080.2,44.595
573,1807,820,21.46,28.15,0.75,55.81,168.54,3661801.3,68.677
574,796,811,24.38,32.43,0.808,40.39,6.84,2660002.9,75.029
575,680,1775,32.81,40.08,0.05,56.28,136.32,8181987.0,35.0
576,963,2871,30.01,32.8,1.776,63.5,53.73,10714620.8,35.0
577,1146,2207,32.97,38.47,0.05,64.04,0.0,5157447.1,44.175
578,1717,956,18.66,22.27,1.41,99.0,108.11,4098568.5,53.409
579,1299,762,28.87,45.33,1.636,33.67,0.0,2290829.4,71.238
580,104,2996,32.31,36.0,0.937,76.1,49.87,11728202.2,35.0
581,1094,168,31.97,42.25,1.648,81.87,55.7,771367.8,90.751
582,1080,481,27.13,31.39,0.087,35.28,31.2,2033527.2,76.896
583,827,1105,32.28,43.24,0.47,57.13,92.99,3336051.5,62.991
584,1426,1768,33.61,45.31,0.05,89.37,81.36,4616854.3,59.803
585,1074,1990,32.2,38.96,1.321,36.44,6.67,6151491.9,37.058
586,91,277,32.02,37.07,0.689,80.28,0.0,1205554.6,87.841
587,1204,478,49.45,61.67,0.995,49.23,42.24,1990744.6,86.821
588,427,696,22.47,32.41,0.055,38.23,69.13,1571565.9,93.085
589,599,2794,24.09,31.67,0.05,28.94,109.25,9038402.7,35.0
590,766,2079,33.54,38.9,0.05,67.22,12.33,7605508.3,35.0
591,344,532,24.03,35.66,0.979,71.83,0.0,1365217.2,79.733
592,688,142,24.62,33.97,2.256,66.84,166.95,618599.2,100.0
593,291,1955,25.4,30.16,1.393,86.45,170.97,6507691.0,37.522
594,753,2208,34.28,38.35,0.18,73.85,35.82,5271583.6,47.047
595,33,2229,18.41,27.42,1.217,37.52,0.0,7437727.4,35.0
596,1041,2255,25.11,35.22,1.135,71.98,81.92,5808357.1,52.012
597,1274,376,34.77,46.34,0.989,85.37,65.05,911491.8,95.703
598,762,1916,25.99,29.24,1.66,74.08,47.61,5036760.4,39.053
599,1327,2996,28.8,36.78,1.321,30.15,45.39,14194291.9,35.0
600,1263,1265,41.54,48.25,0.975,99.0,6.0,5795330.5,39.003
601,642,953,31.84,39.58,0.426,66.36,121.79,3695873.7,70.899
602,1746,2368,37.35,42.68,0.399,71.83,172.2,5518580.9,40.197
603,981,618,28.39,42.81,0.05,35.86,0.0,1758272.8,81.91
604,300,634,33.51,46.21,0.05,86.39,25.03,1927523.3,80.763
605,922,928,36.93,38.59,0.818,45.47,90.44,3522036.4,65.754
606,1168,905,38.17,39.59,1.167,82.25,29.3,1984707.5,78.053
607,481,2003,29.76,40.62,0.424,52.68,57.91,9590989.5,35.0
608,558,565,23.48,35.56,0.237,52.86,2.86,2620308.8,66.68
609,1379,1528,22.02,32.93,0.768,85.91,0.0,6955565.9,35.0
610,1101,1184,28.8,33.32,1.855,46.47,0.0,3414494.2,68.47
611,840,1308,35.4,45.63,0.703,45.86,38.79,6207485.2,44.542
612,1018,1451,32.23,43.93,0.622,56.39,87.89,5324686.2,50.602
613,1115,1315,33.81,45.36,0.209,77.07,7.38,5104012.0,45.607
614,195,2515,41.45,46.64,0.208,52.0,29.64,9666884.9,35.0
615,704,2217,32.11,37.71,1.154,78.02,0.0,7232301.0,35.0
616,855,2022,30.44,34.66,0.492,42.94,63.69,8878428.5,35.0
617,557,1887,37.83,39.66,0.428,57.67,17.74,8774820.9,35.0
618,402,1113,34.07,44.63,0.316,80.28,37.17,4719314.4,57.3
619,603,1608,29.78,34.9,1.166,64.22,63.32,6386186.9,35.0
620,1177,2613,33.39,36.54,0.88,71.68,98.19,9757418.3,35.0
621,1683,2609,35.92,45.27,0.197,77.94,37.36,5764626.7,49.309
622,236,2681,31.48,41.45,0.452,40.82,179.98,6358452.2,35.494
623,1195,208,33.05,46.42,0.072,62.76,65.67,674678.0,85.657
624,1559,219,36.75,44.42,1.043,56.46,0.0,506422.0,87.131
625,472,2990,23.67,29.46,0.895,54.84,112.65,13952683.9,35.0
626,1546,1969,35.61,45.18,1.077,70.77,34.94,7959619.1,35.0
627,993,2859,38.05,48.58,1.027,63.42,0.0,11210201.5,35.0
628,743,2056,35.53,40.76,0.39,91.12,111.68,4338978.7,56.802
629,686,2271,32.84,50.98,0.914,76.93,0.0,4904187.1,51.916
630,707,2246,35.85,36.74,1.204,99.0,0.0,6860807.1,35.0
631,340,2633,15.9,25.68,1.491,71.55,96.79,9602403.1,35.0
632,784,2986,36.78,36.83,0.05,49.77,0.0,13848105.2,35.0
633,1997,1415,33.61,39.41,0.696,29.9,23.42,5485095.1,37.753
634,1052,1995,28.41,37.56,1.401,63.28,75.41,7034933.9,35.0
635,1551,2499,32.32,40.43,0.618,59.09,9.35,10369901.8,35.0
636,519,935,26.81,42.39,0.572,49.25,0.0,3892175.5,64.422
637,1007,517,24.62,39.87,0.589,60.16,164.98,1496778.1,95.043
638,1254,1670,26.33,26.94,0.633,85.6,97.91,5228739.0,47.142
639,1297,1723,32.58,41.25,0.322,80.61,0.0,7505409.8,35.0
640,227,119,29.95,36.1,1.422,73.5,62.18,435938.6,87.267
641,1153,140,31.17,32.33,0.474,85.65,0.0,580528.5,100.0
642,1225,1929,27.98,28.55,1.071,76.9,0.0,7372939.6,35.0
643,1966,878,33.92,44.0,1.321,32.26,0.0,1866708.7,85.989
644,1491,2536,36.7,49.3,0.277,69.29,0.0,5281582.3,49.429
645,310,2530,33.4,39.02,1.956,58.75,60.6,11115488.1,35.0
646,1130,1924,37.22,47.56,0.767,84.99,253.08,6901449.2,35.0
647,1128,1804,26.4,33.29,0.05,43.69,8.58,3658518.7,66.779
648,642,1706,25.63,39.13,1.476,65.51,14.6,8491403.7,35.0
649,1206,785,28.5,37.33,0.335,72.39,12.4,3538841.7,67.452
650,1603,485,27.74,31.89,0.71,54.88,0.0,1505979.9,90.89
651,500,1394,34.63,40.97,0.964,60.16,85.08,3102836.7,70.384
652,1724,92,28.77,29.21,1.105,82.38,252.27,397291.7,87.371
653,1224,2407,31.21,35.97,0.695,29.38,124.11,6410001.3,35.0
654,1675,522,28.32,36.28,1.088,90.9,108.62,2088670.4,73.32
655,824,1165,36.05,48.35,1.189,38.82,0.0,5503268.6,48.404
656,1536,1762,37.89,50.69,1.523,46.33,88.61,3846225.8,57.371
657,1964,2569,32.76,48.84,0.906,99.0,64.2,9963370.5,35.0
658,1981,511,26.12,39.24,1.495,85.38,21.02,1225775.6,92.257
659,237,2619,32.21,48.11,1.338,60.77,116.3,8820673.0,35.0
660,754,2636,28.7,39.0,1.804,72.81,86.36,5316280.4,51.085
661,1659,1208,40.31,47.35,0.832,49.42,107.33,5493013.9,45.279
662,747,162,29.08,39.19,0.988,66.05,61.02,519927.6,94.795
663,1663,1030,46.26,49.45,0.05,47.77,41.74,4898429.0,49.958
664,84,589,25.85,32.87,0.788,36.48,0.0,2690831.5,74.886
665,260,1739,18.96,21.03,1.198,14.98,147.97,5296784.1,49.54
666,130,393,49.25,50.34,1.217,32.45,84.14,1538610.9,78.624
667,1500,633,21.31,34.28,0.554,39.75,177.59,1511447.8,83.364
668,1244,300,29.49,37.97,1.716,72.88,64.1,948034.8,95.378
669,944,51,27.63,33.37,0.468,39.76,0.0,150629.5,100.0
670,105,394,33.41,40.76,0.511,68.26,10.33,1079846.7,94.034
671,1740,590,24.2,26.32,0.934,94.04,66.25,2263385.6,78.438
672,1471,1012,33.64,37.58,1.127,46.94,0.0,2883286.6,70.901
673,1109,1381,34.58,42.77,0.279,47.37,132.07,4175185.7,50.749
674,1702,1974,19.75,27.16,1.168,40.94,89.89,6270639.2,35.113
675,473,2972,32.08,46.56,1.664,72.02,25.87,10650011.0,35.0
676,1380,635,34.54,51.08,0.763,40.8,0.0,2869795.4,73.582
677,1086,1483,34.98,42.35,0.36,57.78,0.0,7369483.3,35.0
678,598,484,23.69,30.75,1.461,55.63,0.0,1014941.5,93.077
679,573,508,33.86,44.74,0.108,47.66,0.0,1345152.2,95.887
680,1145,1553,14.44,30.67,0.263,99.0,0.0,7336060.4,35.0
681,1645,715,23.56,26.07,1.266,77.81,194.96,2643887.5,75.134
682,869,159,26.89,36.74,1.41,82.84,0.0,611954.7,86.626
683,392,653,26.64,41.61,0.984,68.14,29.02,1522939.9,84.69
684,218,2660,28.71,37.3,0.379,72.9,166.17,5915544.5,35.151
685,362,132,41.99,54.0,1.367,60.24,27.09,551950.8,92.311
686,407,2262,32.46,39.62,0.715,68.06,121.35,10214943.1,35.0
687,445,2907,17.49,24.95,1.669,95.14,78.43,14456770.9,35.0
688,652,2423,26.91,32.2,0.05,88.17,0.0,10098062.0,35.0
689,910,2553,42.56,43.92,0.587,46.38,129.07,6275481.0,35.0
690,159,1617,39.69,49.87,1.202,17.0,44.66,7431280.9,35.0
691,768,593,22.79,37.64,0.947,51.18,52.73,2021221.9,68.59
692,552,1310,18.35,24.83,1.406,38.87,68.33,6081555.5,41.51
693,1758,1931,35.13,37.82,0.667,56.8,38.89,6371472.9,35.401
694,232,1548,38.94,43.62,0.887,61.52,44.96,7132601.1,35.0
695,492,656,26.27,31.77,1.528,82.89,66.69,1714406.3,77.722
696,527,909,35.42,40.65,1.691,59.31,51.64,2290662.2,75.867
697,312,428,35.36,40.71,0.724,65.19,119.17,1027220.4,90.015
698,936,2389,28.97,31.71,0.178,55.45,140.87,4795282.5,50.089
699,262,2186,37.53,42.12,0.503,97.65,69.29,9346598.4,35.0
700,1055,1626,31.32,43.02,0.104,65.22,0.0,4916562.9,54.9
701,844,2359,26.11,34.32,0.112,72.72,140.51,5683739.0,45.049
702,653,371,33.22,53.63,0.726,62.86,109.49,1692870.4,85.624
703,1407,2737,45.43,55.92,0.107,70.07,0.0,9322021.6,35.0
704,252,921,26.72,40.67,0.862,54.93,0.0,3146243.6,66.748
705,210,2152,26.64,40.92,0.369,60.72,0.0,9825892.1,35.0
706,1604,1234,37.59,39.8,1.14,86.99,56.26,4036272.1,52.404
707,1398,2284,26.81,31.13,1.386,40.31,29.79,6312157.5,45.046
708,563,2973,29.27,35.53,1.409,69.31,165.15,6055219.1,39.347
709,391,1153,18.99,28.5,0.05,87.6,52.42,4979791.1,40.16
710,523,187,24.09,36.84,1.013,60.77,101.31,795932.0,95.36
711,1284,2208,26.52,40.75,0.687,79.53,108.74,4710486.3,47.166
712,313,2998,32.09,39.05,0.821,55.58,22.29,14921494.3,35.0
713,1017,1373,33.75,50.23,0.53,67.27,0.0,6421409.4,35.0
714,1442,1578,29.65,36.09,0.263,78.1,0.0,4481414.4,61.549
715,196,2527,26.78,36.47,0.758,39.81,80.83,11690697.3,35.0
716,960,1090,22.4,26.29,1.233,84.51,0.0,3820611.0,57.827
717,609,2112,27.39,34.39,0.122,53.33,190.65,9024244.7,35.0
718,723,2471,23.92,37.36,0.715,99.0,42.37,4967908.3,49.499
719,677,1565,29.71,43.65,1.379,44.59,149.37,4385360.8,40.309
720,1113,101,39.23,48.59,0.923,81.21,137.43,464396.2,96.867
721,629,79,37.44,45.07,0.82,95.99,179.75,187716.2,98.845
722,1882,772,31.89,38.61,0.999,64.61,0.0,1573031.5,91.409
723,1057,1769,37.73,49.61,0.634,78.6,56.24,6612946.7,35.0
724,994,410,38.74,49.59,0.95,67.95,0.0,1073495.5,88.253
725,214,344,26.73,33.74,0.671,53.09,22.68,1708890.8,83.497
726,603,1586,29.83,34.76,0.339,83.19,16.42,4753772.5,49.476
727,1656,2556,29.76,41.23,1.071,99.0,150.09,11589679.1,35.0
728,1288,1554,35.84,41.61,0.865,53.34,81.84,3276124.4,69.057
729,309,2668,18.43,20.61,0.112,49.11,83.15,12427344.8,35.0
730,1190,1380,33.65,42.49,1.46,81.55,80.09,4179691.3,57.218
731,1157,1692,36.92,51.2,0.05,90.4,0.0,5892350.2,39.134
732,1180,1837,33.9,44.62,1.432,57.2,46.83,7128146.4,35.0
733,829,2529,30.03,33.69,0.645,62.73,0.0,6039069.3,35.0
734,660,151,29.01,36.98,0.05,73.31,13.92,688899.9,92.704
735,1236,2932,27.77,30.8,0.377,87.54,169.0,9049229.8,35.0
736,1920,329,19.44,21.03,1.094,29.92,14.26,674607.4,92.898
737,1211,2734,35.07,44.21,0.412,65.68,80.65,7463999.8,35.0
738,1200,2734,26.85,33.91,0.714,46.86,151.27,12191577.1,35.0
739,204,1769,34.32,36.94,0.713,63.96,99.89,6445917.3,35.0
740,577,1172,30.38,45.12,1.15,66.47,47.41,3936839.8,53.661
741,505,2546,38.51,48.08,0.375,62.94,90.77,10993829.3,35.0
742,1905,516,27.85,34.04,0.05,66.4,35.5,2228334.2,74.454
743,1371,1301,33.32,40.35,0.46,46.21,2.55,4560544.2,56.778
744,1183,610,20.03,31.31,0.515,49.93,0.0,1281126.5,89.579
745,1478,94,36.43,37.19,1.98,99.0,0.0,260606.5,93.087
746,1833,528,34.87,42.42,0.253,61.9,91.18,2625107.1,69.196
747,533,1823,29.18,35.58,1.129,96.91,96.39,5674648.5,50.395
748,679,461,19.67,30.95,0.148,91.88,195.65,1222703.5,86.981
749,202,1008,27.01,30.66,0.626,56.62,23.99,3719959.9,55.321
750,659,1341,39.69,43.63,0.799,56.18,22.5,5409080.2,56.347
751,1758,1973,31.11,35.98,0.205,44.37,14.99,5510552.8,47.713
752,576,1885,36.73,42.39,0.05,73.28,0.0,9008132.2,35.0
753,1056,2845,35.51,43.11,0.601,40.34,97.66,12663972.8,35.0
754,1621,2962,23.98,26.5,1.684,50.99,168.42,12586112.5,35.0
755,121,1977,28.16,38.8,0.791,58.35,105.68,6971219.6,35.0
756,701,818,32.93,39.12,0.075,96.23,173.73,3044358.7,71.063
757,120,2134,27.88,33.35,1.923,64.14,191.47,7431065.8,35.0
758,1923,1178,28.42,31.74,1.449,51.14,42.42,4460118.1,67.107
759,1772,1914,23.08,37.22,0.58,45.11,0.0,9048190.4,35.0
760,1566,1750,27.75,37.17,0.366,66.17,203.67,6478634.6,35.0
761,1416,783,27.14,39.34,0.726,76.01,103.68,3412399.3,59.225
762,114,2898,27.66,37.06,0.523,65.9,0.0,6270201.3,35.0
763,1866,427,30.8,36.34,0.723,46.9,237.66,1795462.1,78.547
764,1050,2239,14.65,21.06,0.05,60.74,66.45,7530619.4,35.0
765,529,53,32.09,38.01,1.63,63.14,191.93,144698.2,99.995
766,1066,130,33.79,40.6,0.05,9.87,151.79,448254.4,97.121
767,1340,1855,27.48,35.53,0.196,94.67,229.16,4634353.2,53.05
768,1618,2228,30.46,37.3,1.089,54.46,61.75,10885721.8,35.0
769,675,1011,28.79,36.25,0.073,78.68,0.0,3324281.9,66.156
770,653,2577,28.62,39.8,0.573,60.95,62.99,7267217.1,35.0
771,277,2440,23.69,30.2,0.05,81.94,42.61,6468778.9,35.269
772,807,1412,21.24,24.97,1.614,51.8,87.3,6377552.9,35.0
773,1878,1916,30.32,47.63,1.178,54.33,104.8,6590146.1,35.0
774,1007,2318,27.5,34.17,0.05,90.27,0.0,4707246.2,50.163
775,1662,1737,21.91,28.99,0.346,68.69,0.0,5232608.4,47.497
776,1140,1773,27.37,32.47,0.471,61.53,42.72,7216244.6,35.0
777,1534,1227,30.82,43.62,1.973,78.67,160.6,3621347.0,61.771
778,886,948,34.24,41.42,0.775,58.92,99.7,3820746.1,69.909
779,561,2148,28.68,38.5,1.675,70.41,165.55,9786259.7,35.0
780,719,2303,38.55,41.88,0.627,91.0,0.0,8603217.5,35.0
781,773,2574,39.66,45.42,0.532,43.0,0.0,9555120.6,35.0
782,149,1281,22.72,28.61,1.002,60.01,52.74,4657728.0,58.451
783,1678,1107,30.46,40.34,0.05,48.97,0.0,3073650.6,66.37
784,766,1102,20.52,27.19,0.695,38.82,1.46,4382125.3,58.9
785,1392,1683,38.87,48.82,0.316,66.7,59.92,6924519.7,35.0
786,1761,66,38.95,52.11,0.918,60.28,90.53,166382.9,100.0
787,1958,2371,27.24,30.39,1.134,50.24,137.85,9831996.7,35.0
788,526,680,42.11,48.41,0.885,75.29,108.09,1414854.9,91.657
789,1571,2966,33.13,48.99,1.341,32.5,258.89,12889749.1,35.0
790,1651,1472,25.87,36.37,0.648,93.42,85.09,4999385.9,46.548
791,45,631,31.34,43.19,0.58,65.88,144.5,2418382.2,75.661
792,652,1372,32.02,44.93,1.423,62.57,120.06,4994152.2,47.028
793,332,211,35.03,42.86,0.172,34.67,116.55,1003322.5,86.256
794,1695,2144,29.73,37.05,1.028,87.3,0.0,8910411.0,35.0
795,1547,441,32.51,41.89,1.149,75.1,0.0,1129706.1,88.881
796,285,2495,29.31,38.09,0.113,58.52,0.0,11785253.5,35.0
797,1510,1996,29.66,39.73,0.565,50.57,0.0,8704975.9,35.0
798,484,1191,27.46,34.05,2.305,51.13,5.36,5488250.1,45.16
799,1344,1014,24.54,36.18,0.673,57.08,178.73,3090477.6,63.421
800,308,866,33.67,46.5,0.881,97.43,118.04,2742744.6,74.207
801,1937,1490,29.46,38.34,0.55,71.08,51.7,3223348.7,69.041
802,65,1052,40.74,48.18,0.751,58.83,10.93,5111499.2,51.513
803,1785,1183,33.71,42.01,0.686,71.09,14.71,5099058.4,51.117
804,858,593,34.26,38.64,0.456,55.48,0.0,1716525.9,84.293
805,169,2477,26.58,33.82,0.193,79.99,117.74,7558718.9,35.0
806,1270,2837,25.11,38.27,1.259,52.52,53.19,5967290.2,38.316
807,424,91,24.28,26.37,0.05,58.31,43.19,269199.9,99.14
808,360,997,28.9,33.75,0.868,42.27,93.16,3756172.3,62.969
809,612,2224,23.26,28.55,1.029,86.07,183.33,10303579.4,35.0
810,330,361,24.35,34.03,0.05,44.81,87.33,1797041.9,81.216
811,1998,2790,24.19,30.29,0.221,63.18,58.17,9213825.3,35.0
812,222,710,23.75,32.04,1.51,85.36,16.38,1523022.6,81.083
813,756,1139,26.38,36.85,1.917,73.49,95.31,4339062.7,50.556
814,1022,2206,26.46,43.11,0.648,51.68,142.21,4666243.3,54.617
815,724,60,20.63,30.81,0.562,92.72,1.51,266514.8,100.0
816,772,1192,32.33,36.9,0.962,60.95,30.39,4182349.4,53.479
817,775,916,26.67,34.19,0.773,57.1,75.92,4434528.1,55.018
818,1353,2244,39.78,47.85,0.906,56.3,48.74,9418486.1,35.0
819,1968,1620,14.64,18.13,1.678,79.95,155.52,6171487.3,35.0
820,1351,2109,36.88,45.14,2.296,58.43,207.83,4342606.2,53.413
821,100,1413,27.09,30.96,0.062,77.01,34.27,4449278.4,64.77
822,1538,307,27.91,38.04,1.172,89.67,41.61,1371655.7,76.354
823,939,2842,30.88,37.44,0.05,77.09,4.9,10219392.5,35.0
824,1361,71,30.47,36.71,1.078,89.29,101.83,337860.3,100.0
825,1248,2570,28.77,33.87,0.161,31.3,0.0,7420347.1,35.0
826,1331,1919,27.4,39.76,0.703,77.53,66.26,5906365.4,36.438
827,1086,2713,25.53,35.06,0.05,65.26,95.79,11861096.0,35.0
828,80,479,39.28,41.36,0.253,99.0,28.15,2138052.6,77.584
829,1894,2669,34.86,39.21,0.518,81.63,0.0,13221089.9,35.0
830,884,2697,22.42,31.27,0.71,74.89,66.03,11610740.1,35.0
831,782,1275,29.0,41.19,0.368,89.32,165.56,5780426.7,42.697
832,926,364,30.67,35.69,1.504,49.49,16.07,781435.6,78.715
833,1153,2120,31.27,44.26,1.48,65.14,0.0,10277116.4,35.0
834,205,141,32.03,45.91,0.455,53.42,45.8,308977.9,88.71
835,1943,2115,30.72,40.5,0.56,80.11,61.92,9264112.3,35.0
836,891,1675,26.22,39.11,1.181,46.59,64.47,5615638.2,44.234
837,861,1915,30.71,34.77,0.565,71.09,87.22,6518619.6,38.856
838,1133,2892,28.77,31.73,0.05,45.47,170.69,13164967.3,35.0
839,1495,1516,35.62,36.31,0.467,64.02,68.44,4054349.9,53.517
840,640,987,25.36,37.24,0.072,70.42,62.66,3610088.4,59.604
841,1546,1552,32.61,34.59,0.05,71.8,84.49,6732614.7,35.271
842,446,857,32.53,42.9,1.831,59.29,0.0,2218225.4,86.61
843,1142,1227,48.7,58.0,0.05,61.47,0.0,3013644.2,71.23
844,325,1036,39.56,48.75,0.665,78.64,87.69,2357523.2,73.597
845,1572,1400,34.52,43.17,0.668,92.55,11.77,5507387.3,45.843
846,906,2577,27.88,33.91,0.05,53.27,71.3,6085113.9,36.701
847,925,1718,26.65,36.46,0.792,61.53,41.82,3455914.4,54.103
848,545,2934,35.64,46.31,0.05,85.1,13.37,11889021.7,35.0
849,872,2627,24.26,36.84,0.871,57.44,46.41,7011378.5,35.0
850,925,2094,35.55,44.57,0.05,80.33,49.43,5298964.6,42.293
851,339,2219,41.09,49.02,0.751,57.71,144.4,9791368.6,35.0
852,241,707,34.99,41.97,1.624,78.46,28.67,1695972.3,79.153
853,1221,789,31.85,33.1,0.686,59.54,132.25,2656634.5,67.881
854,1865,986,29.74,44.92,1.197,57.62,69.17,4351271.1,54.459
855,911,2073,32.73,45.64,0.05,89.74,38.79,8615973.3,35.0
856,1850,2634,29.6,40.14,0.47,45.06,16.95,9275786.9,35.0
857,116,2124,26.27,30.79,0.475,84.35,39.38,9295043.8,35.0
858,1489,2532,37.4,49.55,0.437,65.48,0.0,5195357.8,57.642
859,1379,2097,28.28,38.41,0.728,31.44,0.0,4972209.2,48.304
860,105,2913,25.28,34.26,0.518,44.51,109.35,6348602.8,40.411
861,744,697,27.04,37.65,0.493,60.97,0.0,1707000.2,79.936
862,945,1773,23.03,28.77,0.257,54.85,132.51,8573335.4,35.0
863,727,603,37.84,50.32,0.736,39.87,0.0,1461046.1,82.346
864,1843,2706,39.71,46.84,1.694,76.68,0.0,10701844.6,35.0
865,1886,1748,39.04,43.13,1.447,57.14,47.95,7129320.9,35.0
866,1572,256,32.64,34.51,0.664,80.38,99.78,676981.3,93.555
867,1465,1119,37.82,46.56,0.05,64.76,74.91,3627392.6,60.319
868,1938,1983,18.38,26.92,0.228,54.59,88.33,6107597.1,40.104
869,660,2826,31.47,39.23,1.538,55.27,30.67,12554204.0,35.0
870,1633,307,23.53,31.27,1.008,69.82,34.82,1332314.8,80.259
871,1035,2877,28.68,39.07,0.599,58.61,13.56,14150547.1,35.0
872,1636,2837,22.82,28.51,0.261,90.97,0.0,6146391.4,37.76
873,1003,1463,21.82,33.25,0.05,72.06,59.15,3040015.5,69.569
874,841,1659,34.29,39.77,0.05,76.68,0.0,6686808.7,35.0
875,1184,760,30.92,45.27,0.163,64.85,103.85,2121071.2,80.09
876,895,772,42.73,51.86,1.132,86.45,0.0,2913096.9,70.044
877,1608,992,30.07,31.61,0.686,51.45,123.45,4475240.9,56.784
878,1201,2528,33.54,44.06,1.547,99.0,0.0,9224269.8,35.0
879,787,2266,28.6,40.71,0.139,46.26,0.0,6602857.0,35.0
880,222,1956,25.28,36.78,0.764,84.13,34.4,4660152.9,52.094
881,546,2942,27.53,37.61,0.312,78.66,3.61,10197152.8,35.0
882,1051,2936,21.14,26.68,0.05,40.11,99.72,6981109.5,37.179
883,447,560,39.9,44.96,0.05,79.33,32.74,2783575.8,69.094
884,906,278,26.87,31.9,1.245,75.35,0.0,1180427.5,87.991
885,1013,127,29.03,30.26,0.141,56.4,0.0,353125.9,100.0
886,1860,424,36.69,41.37,0.05,58.66,0.0,1326618.8,96.688
887,1773,626,26.77,28.22,1.339,51.88,137.21,2078545.1,67.686
888,62,2410,34.61,42.25,1.117,78.42,66.05,10385597.5,35.0
889,618,814,27.52,40.63,0.05,94.59,48.22,2132088.1,80.935
890,1211,1562,32.01,42.71,0.681,25.53,0.0,7207160.5,35.0
891,546,1067,28.91,39.41,0.308,93.66,56.06,4285146.0,63.686
892,1802,647,29.21,44.13,0.433,78.75,89.13,1440565.6,88.767
893,502,1736,32.15,40.73,0.756,63.77,42.8,3648757.1,63.336
894,1941,1152,31.9,34.26,0.449,55.9,213.24,2697882.3,69.325
895,324,1581,37.42,50.28,0.529,68.49,0.0,4391131.9,56.08
896,1988,1143,32.43,33.64,0.889,42.92,0.0,5623537.3,43.204
897,487,749,25.36,39.36,0.05,78.43,10.53,2195874.1,84.648
898,241,2766,31.29,39.82,1.116,70.47,93.31,10971796.3,35.0
899,1237,2775,21.7,30.8,1.785,56.47,60.18,11114612.5,35.0
900,93,2876,12.62,16.71,1.461,83.05,79.95,6382809.0,35.0
901,1051,1214,30.69,36.17,1.558,92.39,160.39,5220861.1,47.723
902,117,296,31.97,37.44,1.055,45.46,100.72,764812.3,100.0
903,1727,1488,31.18,47.74,0.279,63.93,163.08,4861963.8,57.831
904,1587,998,37.34,40.56,0.682,63.82,132.88,2498017.1,70.739
905,163,1080,54.15,64.92,0.86,41.64,0.0,4342611.5,53.488
906,242,1066,37.48,44.85,0.075,89.07,46.08,2513947.0,75.475
907,1282,1143,25.05,32.61,1.241,55.72,0.0,2987991.5,73.874
908,213,2617,21.89,32.91,0.952,81.6,7.39,12602997.0,35.0
909,1712,2113,37.92,49.36,0.387,50.3,33.2,4734897.0,43.131
910,590,2070,23.7,34.41,1.073,92.18,95.53,7658112.0,35.0
911,1117,2504,29.27,37.11,0.654,72.99,100.75,11798248.2,35.0
912,1487,638,32.1,36.02,0.684,33.62,52.83,1604817.0,78.879
913,874,1150,34.24,50.99,1.446,64.43,0.0,2703820.0,79.5
914,567,657,28.04,35.63,1.091,42.72,0.0,2120415.6,74.586
915,279,1720,20.32,29.99,1.127,62.75,0.0,6446891.7,42.636
916,187,2023,33.6,48.43,1.137,54.94,138.48,7367732.5,35.0
917,1773,2397,30.31,39.78,0.05,73.95,0.0,10728806.9,35.0
918,1732,2646,24.5,37.58,0.8,62.27,97.34,5996974.5,35.0
919,1854,2577,23.4,34.75,1.115,42.43,0.47,12627513.2,35.0
920,1066,2380,33.46,36.03,0.396,66.89,86.18,11059022.4,35.0
921,1311,2362,28.22,34.52,0.939,72.39,65.87,6905014.2,35.0
922,1846,2597,30.91,37.27,0.935,44.54,154.72,6385618.9,36.059
923,1019,282,37.87,45.06,0.893,75.33,0.0,1118570.0,87.994
924,471,1977,29.73,38.25,0.821,69.67,156.99,6611790.3,35.0
925,1591,125,32.76,51.77,1.168,85.36,25.43,554014.3,96.544
926,1161,2489,32.42,39.56,0.576,61.76,107.96,10945885.8,35.0
927,1093,2798,32.81,40.05,1.739,57.47,64.29,13270866.1,35.0
928,1840,103,26.92,33.16,1.467,54.23,95.31,381918.0,92.714
929,1044,2587,33.77,39.74,0.805,41.7,59.79,9537448.1,35.0
930,1998,1673,32.88,34.61,2.009,74.51,105.75,4029525.8,52.09
931,517,2099,33.26,40.39,0.943,51.05,119.15,8852964.7,35.0
932,519,2849,37.65,45.31,1.5,63.27,0.0,14024306.8,35.0
933,1724,2250,26.48,27.2,1.367,36.14,72.95,9894359.4,35.0
934,1611,479,35.03,37.96,0.346,22.02,0.0,2204018.1,82.084
935,936,1135,28.21,39.7,0.491,69.28,48.98,5483279.8,44.635
936,899,2854,32.71,38.82,0.876,89.91,36.54,10708790.6,35.0
937,622,55,41.54,41.7,0.742,91.22,0.0,215171.4,95.75
938,788,2620,32.69,46.0,0.584,51.67,31.94,8595544.1,35.0
939,1531,199,32.99,36.42,1.262,56.39,142.73,842890.0,88.46
940,524,505,34.46,42.9,0.05,83.16,42.99,1875240.9,85.136
941,1747,2193,33.93,40.72,1.362,61.79,131.87,4710264.1,47.943
942,533,1262,37.16,44.94,1.119,65.83,59.97,2932183.2,69.676
943,1496,1207,25.79,33.1,0.986,80.31,109.94,3570523.8,65.586
944,1280,2070,38.02,51.87,0.958,77.76,111.4,10223767.1,35.0
945,621,663,36.39,42.36,0.182,74.09,27.74,1880178.3,75.411
946,1711,273,32.31,38.18,0.888,40.82,29.83,600863.4,91.46
947,925,587,30.09,40.34,1.043,55.78,73.83,2395643.7,71.693
948,1247,2341,42.26,45.11,0.818,60.93,57.67,4906240.7,43.512
949,1153,1013,29.29,35.89,0.398,32.29,72.06,3115498.6,69.632
950,866,865,28.53,40.47,2.005,91.78,114.42,2063789.1,81.71
951,374,1083,23.24,31.44,0.625,38.55,47.01,2252903.8,71.862
952,209,1617,26.3,38.01,0.05,29.26,50.26,5692311.9,41.768
953,1360,1109,29.96,36.19,1.731,59.16,45.75,3816455.2,57.688
954,1515,1635,34.39,43.55,0.916,66.81,3.92,4104644.6,64.282
955,1471,1234,35.13,39.66,0.644,82.06,168.97,4000311.7,64.02
956,673,455,40.94,49.77,0.948,59.5,125.4,1722911.2,90.532
957,330,2013,29.22,35.25,1.406,84.86,14.03,4503486.6,50.681
958,1125,2053,30.19,34.32,0.37,45.83,86.4,9441929.5,35.0
959,820,513,19.18,27.31,1.784,95.12,0.0,2040607.8,67.799
960,1611,2661,37.37,47.77,0.371,77.69,0.0,9133284.5,35.0
961,620,1256,29.15,36.45,0.813,74.72,61.95,4583783.8,54.708
962,547,2732,29.64,42.29,0.138,97.48,0.0,13240727.3,35.0
963,1111,2387,26.99,33.51,0.857,59.09,39.37,10057418.3,35.0
964,124,2177,37.85,45.1,1.29,45.17,111.39,4943076.3,47.454
965,715,290,31.09,45.07,0.351,83.86,0.0,699534.9,92.316
966,678,2347,25.56,37.09,1.839,54.49,0.0,7446748.0,35.0
967,1473,1812,27.26,34.19,0.74,91.46,52.41,4748615.6,49.649
968,1935,2567,20.63,31.17,1.211,58.37,73.49,8241508.6,35.0
969,356,2630,29.43,36.47,1.111,57.61,52.9,10707367.8,35.0
970,576,2815,29.29,36.5,0.05,59.12,0.0,12191105.5,35.0
971,189,2133,29.84,46.96,0.939,41.42,5.03,6203551.1,41.987
972,197,606,29.03,35.24,1.287,76.54,143.33,1951599.6,76.63
973,1416,742,22.72,30.75,1.521,54.16,11.86,2071538.5,72.455
974,417,2609,21.93,27.64,1.506,66.64,0.0,8664237.1,35.0
975,1455,2890,30.34,32.34,2.174,71.97,24.09,14116559.3,35.0
976,1883,692,31.91,35.17,1.2,64.59,72.48,2972177.4,75.44
977,1889,207,38.94,44.71,1.132,72.78,50.65,618713.6,86.427
978,1453,1147,38.45,47.92,0.782,25.58,0.0,3585179.0,62.827
979,1307,1137,27.12,35.34,1.529,58.77,0.0,5227803.2,43.42
980,1697,216,38.44,47.53,1.061,67.37,9.56,837071.3,95.748
981,669,1934,21.02,22.3,0.05,76.12,0.0,4053067.6,64.392
982,1831,582,30.95,33.79,0.606,72.65,181.22,1974300.5,76.948
983,1462,2627,39.12,51.17,1.01,67.99,160.45,6186272.0,36.234
984,1323,145,34.6,45.87,0.686,58.68,140.67,657375.6,93.486
985,1257,2147,32.92,38.83,1.93,72.6,92.51,8949747.5,35.0
986,88,2489,28.97,31.01,1.249,72.56,27.83,11605053.7,35.0
987,1120,2706,34.2,35.07,1.211,34.87,40.59,8373741.0,35.0
988,38,243,30.8,37.15,0.05,74.46,0.0,909632.7,84.251
989,572,2516,36.62,44.0,0.05,72.04,167.65,11500716.5,35.0
990,386,2373,41.6,43.94,0.111,81.97,15.51,7216781.8,35.0
991,1367,2008,23.13,39.31,0.785,90.15,121.49,4199762.6,59.311
992,1166,1113,18.74,28.94,0.727,46.4,70.94,4963880.7,56.861
993,1852,2003,29.57,33.51,1.744,73.88,193.57,6334998.6,35.0
994,773,976,28.93,39.81,0.057,77.8,96.67,2542049.3,84.386
995,1821,1175,24.82,41.26,0.05,39.32,95.21,5330850.6,53.267
996,1991,1874,27.0,27.51,1.268,37.15,0.0,8582394.0,35.0
997,728,1850,33.23,40.37,0.143,75.17,99.05,6959554.8,35.0
998,245,1513,29.99,36.06,0.623,52.58,121.11,4059957.1,51.589
999,1972,2168,36.33,37.76,1.611,89.29,0.0,6613212.7,35.0
1000,1468,1436,24.78,39.78,0.05,58.38,16.62,4273688.7,64.649
1001,1982,1756,35.18,45.21,0.05,27.79,133.04,4413800.6,57.655
1002,550,522,29.5,31.29,1.931,83.08,23.17,1100672.9,87.361
1003,1237,1232,22.02,29.73,0.099,44.87,181.66,5251600.2,42.324
1004,260,913,32.77,41.54,0.05,68.73,79.32,2497832.0,63.581
1005,954,529,23.42,34.36,0.05,56.93,164.06,2051198.4,69.663
1006,496,2248,38.62,47.03,0.862,44.87,58.06,9513235.5,35.0
1007,61,2363,26.19,28.32,0.05,92.99,0.0,5073709.7,63.878
1008,57,2336,27.57,35.86,0.423,54.67,82.95,11044645.5,35.0
1009,705,1113,23.57,33.67,0.366,72.12,105.08,2322700.5,79.026
1010,401,1801,37.06,48.12,1.858,39.13,159.62,5454558.4,54.49
1011,662,2484,23.08,29.03,0.859,61.65,118.32,12306900.6,35.0
1012,461,2558,28.05,32.29,1.081,73.14,12.95,11811449.1,35.0
1013,1854,2768,35.35,48.46,1.057,83.92,0.0,8139383.8,35.0
1014,480,2976,24.56,35.85,0.05,73.86,134.78,10956476.4,35.0
1015,1874,1245,27.04,32.31,0.357,60.12,27.35,2868635.9,65.093
1016,1032,329,26.46,27.64,0.05,43.27,64.7,1117347.5,87.687
1017,1132,1060,28.41,40.72,0.532,64.14,166.42,2666076.3,68.955
1018,1622,1043,32.52,42.58,0.05,68.15,40.59,4208060.3,59.583
1019,948,1585,35.6,40.11,0.05,7.48,44.39,6084107.8,41.747
1020,857,1291,32.82,36.7,1.046,54.97,47.38,5820313.7,35.0
1021,59,1752,27.25,37.8,0.187,61.79,19.13,6168785.8,37.228
1022,503,2073,35.78,36.62,1.021,84.5,97.67,5883083.5,35.0
1023,1143,1562,30.57,37.85,0.15,72.61,87.67,6736187.1,35.0
1024,224,2106,37.69,42.75,1.465,87.2,26.56,6332053.5,44.874
1025,735,1285,36.8,48.49,0.165,62.49,66.28,5722457.1,41.368
1026,725,1907,37.15,43.68,1.404,34.98,13.71,7046551.1,35.0
1027,1912,2020,33.4,38.91,0.639,80.78,6.47,7739596.6,35.0
1028,790,2120,28.22,30.65,1.784,99.0,0.0,6794514.0,35.0
1029,883,2928,27.2,34.06,0.234,85.63,0.0,12720019.9,35.0
1030,515,2081,37.21,39.56,2.056,39.38,153.09,8981130.4,35.0
1031,1086,2275,31.25,35.57,0.66,51.13,0.0,6589332.9,35.0
1032,313,1650,30.72,46.62,0.05,73.45,50.51,7265083.9,35.0
1033,161,455,25.54,35.99,0.05,78.98,48.15,944468.8,89.347
1034,785,2928,49.4,62.28,0.461,76.34,103.87,11744485.0,35.0
1035,1587,293,20.33,25.45,1.144,65.75,163.3,1218299.0,90.846
1036,1895,2997,29.65,33.11,0.777,63.67,34.34,14593016.2,35.0
1037,873,2843,28.92,33.06,0.05,61.9,0.0,6607073.3,35.0
1038,906,2088,30.96,38.78,0.179,78.76,49.77,7749018.9,35.0
1039,201,266,23.28,32.68,0.798,83.88,0.0,1276519.4,78.417
1040,652,950,29.6,35.09,0.825,62.67,37.7,2144527.0,71.472
1041,103,294,23.88,30.92,1.24,68.34,7.51,1023541.9,90.567
1042,937,2579,18.76,21.09,0.491,99.0,184.19,8579406.9,35.0
1043,106,861,26.7,31.44,0.893,56.52,119.54,2019161.4,70.2
1044,1307,480,31.83,35.36,0.899,61.18,0.0,1932027.2,75.617
1045,924,1894,28.33,33.89,1.754,72.47,19.38,7380795.6,35.0
1046,813,1282,22.52,32.07,0.497,58.6,4.5,3025349.4,66.478
1047,468,237,34.56,47.9,0.391,88.02,109.33,849442.1,80.089
1048,1511,2186,32.38,37.68,0.695,99.0,70.1,6640526.1,35.0
1049,385,1611,35.38,46.26,0.958,52.51,80.84,5671358.3,43.32
1050,425,1130,35.75,40.3,0.879,99.0,0.0,3744087.2,75.611
1051,1845,2187,26.79,37.41,0.05,32.48,31.68,8971375.2,35.0
1052,561,2850,32.48,38.14,0.05,99.0,0.0,11213054.1,35.0
1053,1589,921,25.04,31.74,0.664,78.48,0.0,3217447.4,69.933
1054,497,640,22.21,26.71,0.218,57.54,0.0,2097214.3,77.75
1055,1094,1217,35.96,44.82,0.74,39.21,0.0,5138336.6,45.808
1056,1618,2618,26.61,31.31,0.268,73.29,27.0,6094185.0,43.366
1057,937,1241,27.46,37.86,0.591,94.34,82.34,3006536.7,76.375
1058,1459,2596,41.03,48.29,0.05,51.46,0.0,5644013.5,50.529
1059,1701,1421,25.97,32.9,0.05,58.01,255.92,7010765.6,35.0
1060,661,424,30.78,37.1,1.118,47.84,0.0,1362180.9,81.055
1061,1365,55,19.03,27.47,0.05,77.48,30.1,230477.0,100.0
1062,124,1145,25.47,28.58,1.895,64.81,124.67,5518487.2,38.215
1063,1605,2980,31.87,35.64,1.774,59.73,13.56,11522550.1,35.0
1064,934,1182,27.58,33.28,0.578,73.34,101.13,5534948.7,46.255
1065,502,2872,31.19,33.75,0.94,37.24,0.0,12202266.4,35.0
1066,1481,771,29.3,39.87,2.211,72.27,0.0,2770215.6,70.048
1067,810,2095,35.91,48.02,0.05,50.27,12.88,9077686.0,35.0
1068,508,1989,27.51,37.86,0.391,62.46,16.8,5312815.4,60.48
1069,896,682,30.03,33.01,0.645,27.36,0.0,1435927.8,84.149
1070,448,1844,28.55,34.64,1.374,77.11,101.38,7048921.1,35.0
1071,540,711,23.51,34.53,0.05,75.31,58.11,2085136.7,85.722
1072,1312,213,26.02,31.2,1.085,64.47,17.41,991037.9,92.184
1073,1410,1624,19.76,27.59,1.194,80.05,58.66,7117120.8,35.0
1074,1910,2146,39.42,46.74,0.05,76.95,112.44,10505422.4,35.0
1075,1820,594,31.37,33.83,0.985,55.05,66.92,1862437.4,90.997
1076,840,2109,13.66,22.42,1.521,98.66,108.56,8094056.1,35.0
1077,240,501,29.98,34.85,0.491,44.98,92.27,1002858.3,89.141
1078,1852,2471,34.68,38.16,0.05,82.18,0.0,6241390.5,36.956
1079,1395,411,31.48,42.44,1.225,99.0,0.0,1776047.5,90.933
1080,336,1745,29.76,38.29,0.635,55.59,6.23,6921599.9,35.0
1081,677,2766,36.6,40.08,0.05,64.92,281.9,11411485.4,35.0
1082,1027,990,21.79,35.27,0.7,63.37,51.9,2950699.0,71.32
1083,606,1267,17.74,24.53,1.512,75.42,133.39,2688897.8,67.992
1084,1468,2010,27.37,39.2,0.763,95.94,7.53,7031091.4,35.0
1085,252,909,31.57,40.99,0.676,52.37,23.19,2443408.1,76.422
1086,818,960,33.89,45.25,0.05,63.35,86.78,1932814.7,75.951
1087,1661,1485,34.86,40.71,0.05,62.15,148.44,4464818.1,53.669
1088,1127,472,22.69,30.85,0.72,38.19,276.07,1198389.0,83.179
1089,1348,327,36.76,39.95,0.928,31.14,122.14,1478487.7,87.532
1090,854,879,28.43,42.51,1.234,76.61,0.0,3952061.1,58.643
1091,1129,1037,33.08,45.2,0.05,61.49,138.17,3463830.0,71.415
1092,351,1151,32.48,32.94,1.478,86.29,12.05,3351019.7,63.915
1093,473,2939,33.73,35.17,0.05,62.81,33.1,7303620.9,35.0
1094,1982,1923,31.4,40.19,1.402,75.37,85.36,5644901.3,49.046
1095,30,431,28.81,39.13,0.812,75.47,0.0,1833481.0,70.497
1096,1324,2998,35.35,44.74,0.05,58.1,121.59,6130342.9,37.248
1097,239,1029,19.83,28.3,1.136,72.93,98.21,2061932.1,75.439
1098,1630,1267,22.07,26.69,0.853,62.88,295.18,6227537.1,35.0
1099,1905,2447,27.92,39.3,0.53,61.56,15.57,6514049.3,35.0
1100,1128,2726,33.35,40.42,0.649,34.03,93.18,6883288.8,35.0
1101,773,1570,23.86,31.79,1.009,59.32,4.88,6422731.2,42.655
1102,363,1516,32.74,37.67,0.929,67.72,0.0,6035572.8,38.341
1103,1918,461,18.14,31.25,1.047,43.34,0.0,1823348.8,85.359
1104,369,2844,19.24,23.07,0.05,48.85,170.65,13031214.8,35.0
1105,1307,2831,32.84,34.59,0.457,90.83,0.0,6430263.3,35.0
1106,485,940,30.46,40.89,1.977,62.73,46.7,2180521.7,77.542
1107,662,1693,36.46,45.9,0.742,38.93,45.33,7578170.5,35.0
1108,1351,1579,25.81,34.81,1.066,72.79,0.0,5413287.9,44.479
1109,331,1053,41.31,57.27,0.236,75.25,119.68,4457822.4,51.15
1110,728,1156,30.77,32.62,1.187,60.31,87.18,5408170.8,51.716
1111,1917,987,28.81,30.99,1.141,50.44,0.0,4142539.2,58.092
1112,1194,2625,27.7,40.37,0.529,62.02,133.44,9816066.1,35.0
1113,1088,696,33.82,51.66,0.331,33.26,50.58,3314950.3,53.57
1114,1992,1905,28.56,38.65,0.646,58.88,132.97,7819998.9,35.0
1115,861,656,29.11,34.08,0.722,52.92,48.34,2423950.4,72.62
1116,104,2095,30.0,41.82,1.349,79.31,74.23,8357031.9,35.0
1117,910,2186,26.83,37.61,0.424,94.16,44.95,9373255.8,35.0
1118,1770,2355,35.39,37.51,0.629,79.92,55.25,6373872.9,35.0
1119,1138,2367,35.19,42.42,1.04,78.41,0.0,11708329.5,35.0
1120,849,2090,28.81,35.84,1.051,64.84,6.33,9426361.6,35.0
1121,73,767,25.72,35.78,0.992,75.79,94.08,2047684.8,76.547
1122,1691,1830,25.78,29.88,0.856,87.55,173.17,3914294.3,55.439
1123,488,2540,36.32,36.96,0.347,74.36,41.81,11874884.0,35.0
1124,392,950,30.12,34.8,0.051,50.43,81.39,4007566.6,60.342
1125,1740,2962,32.52,36.93,1.213,51.39,0.0,10437110.7,35.0
1126,385,439,32.15,33.15,0.127,19.8,188.39,1995593.5,83.524
1127,817,2924,28.68,43.85,0.879,54.84,0.0,7760840.1,35.0
1128,796,619,22.33,29.81,0.924,55.94,112.16,1252140.5,80.075
1129,1075,1832,26.61,31.0,0.184,61.2,0.0,3763898.0,57.588
1130,1942,2522,27.71,38.13,2.182,45.6,37.97,8768298.3,35.0
1131,485,1441,27.07,44.07,1.05,46.82,20.66,3717541.5,59.981
1132,1538,695,26.45,37.18,1.54,89.85,92.38,1430767.5,77.698
1133,609,2191,32.62,36.6,0.761,67.15,69.85,8863477.6,35.0
1134,1811,2460,30.65,36.26,0.682,99.0,64.58,6346253.6,35.891
1135,1209,1750,34.6,43.46,1.421,87.89,72.65,8226324.1,35.0
1136,1880,500,29.68,30.71,1.297,47.67,12.28,1400481.2,80.716
1137,351,433,29.64,35.85,0.336,84.47,0.0,889177.2,88.644
1138,1332,604,27.0,34.59,1.442,70.98,0.0,2629950.4,76.304
1139,616,61,29.95,36.4,2.417,57.57,85.98,289053.3,90.226
1140,138,946,29.67,34.09,0.113,83.66,5.68,4298178.5,63.988
1141,1838,860,39.85,47.28,0.702,42.89,0.0,3733019.9,58.842
1142,1830,1218,30.12,30.77,1.076,67.91,207.89,3352660.0,65.325
1143,1890,638,32.61,40.72,0.05,35.56,71.03,2874102.7,70.573
1144,997,1477,31.6,36.34,0.917,86.73,92.39,6479952.2,37.796
1145,1761,1923,29.69,42.36,0.05,65.55,43.64,6442245.9,35.239
1146,1629,2706,41.09,53.13,1.145,71.85,36.83,8382613.0,35.0
1147,1580,1868,33.4,41.18,0.05,72.71,28.48,8119122.4,35.0
1148,463,530,27.01,33.28,0.481,85.36,27.55,2005312.8,79.492
1149,1262,2260,28.57,40.75,0.595,49.41,2.9,8943868.5,35.0
1150,292,2102,32.97,39.73,0.566,75.11,115.63,8554574.5,35.0
1151,823,2872,27.7,31.16,0.316,60.66,102.98,13005748.4,35.0
1152,326,1691,34.77,40.66,0.542,39.58,88.67,7284168.2,35.0
1153,1124,265,23.97,28.6,1.551,66.36,103.58,682674.2,91.016
1154,1683,564,36.97,49.31,0.089,88.49,21.37,1844233.7,79.207
1155,1123,2048,28.47,39.82,0.884,54.69,0.0,6647458.4,37.154
1156,371,1321,27.12,41.49,0.05,61.75,0.0,2892620.8,63.422
1157,1974,1313,25.25,25.94,0.05,55.34,0.0,6162674.9,43.581
1158,680,2629,27.5,39.61,1.774,30.9,0.0,12743476.7,35.0
1159,1636,623,30.26,37.77,1.756,64.71,82.02,2512027.0,65.391
1160,1822,1484,33.8,42.9,0.214,81.4,0.0,4023808.8,55.653
1161,1246,1841,27.29,32.6,0.05,66.4,62.96,4080559.9,70.097
1162,1691,1665,25.8,35.94,0.496,73.27,80.28,6511092.7,35.0
1163,1037,2458,28.38,30.61,0.556,58.26,154.77,5975522.8,35.0
1164,1733,2108,30.8,41.72,1.516,62.62,0.0,10491416.7,35.0
1165,1903,1888,33.58,39.04,0.134,83.51,0.0,8282303.4,35.0
1166,913,2849,37.16,49.34,0.8,83.37,0.0,9961453.8,35.0
1167,1774,2552,24.24,30.4,1.172,95.87,0.0,12650227.6,35.0
1168,191,2340,25.66,36.52,1.374,64.66,0.0,10045231.0,35.0
1169,699,2025,35.55,44.55,1.421,89.05,86.72,8166271.0,35.0
1170,929,1517,31.86,42.65,0.974,63.22,29.3,3113960.6,71.406
1171,855,874,27.22,33.92,0.05,94.9,6.71,3352288.7,72.552
1172,977,1581,25.27,29.4,1.837,67.05,140.02,4875524.5,51.071
1173,1340,1166,23.06,30.31,1.153,56.02,24.01,4138695.1,63.308
1174,1560,1303,28.48,33.92,0.633,77.01,107.96,5126415.5,40.699
1175,1448,1480,26.72,36.7,1.1,50.32,0.0,6615471.1,39.701
1176,1148,784,36.28,44.89,1.61,71.67,0.0,2562545.5,75.955
1177,179,1039,30.6,34.6,1.473,57.67,187.97,4016541.9,55.965
1178,1438,2226,29.04,35.43,0.39,69.4,0.0,7945101.6,35.0
1179,758,1699,36.18,47.1,0.175,41.71,0.0,4669924.8,50.145
1180,830,1672,34.74,41.44,0.245,81.54,5.72,5294577.6,47.323
1181,105,2122,25.7,36.96,0.05,54.93,36.29,6504227.4,35.0
1182,377,590,25.67,32.18,0.885,38.33,13.59,2261819.2,81.201
1183,937,174,33.49,44.58,0.466,92.62,155.31,719400.3,89.855
1184,526,2337,30.36,31.29,1.097,88.17,96.12,9628293.0,35.0
1185,903,1543,32.66,43.07,1.455,44.62,67.73,4349461.5,56.769
1186,1643,2040,38.39,48.09,0.734,60.45,0.0,7420474.7,35.0
1187,214,202,22.53,26.83,1.728,70.23,3.55,562430.2,97.654
1188,130,736,39.81,51.67,0.709,43.55,134.32,3448146.2,66.649
1189,1523,2557,30.1,35.13,0.195,96.9,117.82,8672165.3,35.0
1190,729,932,30.98,40.12,1.629,70.74,0.0,2990752.3,72.97
1191,462,245,27.75,34.71,1.299,90.15,92.76,928031.0,79.101
1192,1844,2798,22.29,34.11,0.05,54.45,51.83,10019771.6,35.0
1193,952,1137,25.89,32.01,0.05,77.69,30.02,3501843.8,74.199
1194,1236,2188,29.56,36.07,1.992,65.12,107.56,8706091.6,35.0
1195,1080,1391,22.75,28.33,1.55,53.98,107.46,3659579.0,55.365
1196,1389,1122,30.7,41.7,1.904,53.53,0.0,3899668.3,66.314
1197,1894,603,17.18,22.48,1.129,63.8,64.43,2914096.1,77.662
1198,69,1675,30.95,41.05,1.075,48.29,79.85,5616703.6,46.585
1199,1818,1755,25.13,31.39,0.914,62.8,0.0,4676924.1,51.656
